method,mapping_id,mapping,scenario_id,served_gwh,target_gwh,unmet_pct
all_interfaces,0,"{""Belgium"": ""LH2_Tk_BE"", ""France"": ""LH2_Tk_FRSW"", ""Germany"": ""LH2_Tk_DE"", ""Italy"": ""LH2_Tk_ITa"", ""Netherlands"": ""LH2_Tk_NL"", ""Poland"": ""LH2_Tk_PLN""}",2030_PCIPMI_0.25,41853.0233591574,48935.690671254204,14.473418510995506
all_interfaces,0,"{""Belgium"": ""LH2_Tk_BE"", ""France"": ""LH2_Tk_FRSW"", ""Germany"": ""LH2_Tk_DE"", ""Italy"": ""LH2_Tk_ITa"", ""Netherlands"": ""LH2_Tk_NL"", ""Poland"": ""LH2_Tk_PLN""}",2030_PCIPMI_0.5,45954.944357826986,53731.76801616355,14.473418510995483
all_interfaces,0,"{""Belgium"": ""LH2_Tk_BE"", ""France"": ""LH2_Tk_FRSW"", ""Germany"": ""LH2_Tk_DE"", ""Italy"": ""LH2_Tk_ITa"", ""Netherlands"": ""LH2_Tk_NL"", ""Poland"": ""LH2_Tk_PLN""}",2030_PCIPMI_0.75,62236.030566322246,72768.05582872905,14.473418510995483
all_interfaces,0,"{""Belgium"": ""LH2_Tk_BE"", ""France"": ""LH2_Tk_FRSW"", ""Germany"": ""LH2_Tk_DE"", ""Italy"": ""LH2_Tk_ITa"", ""Netherlands"": ""LH2_Tk_NL"", ""Poland"": ""LH2_Tk_PLN""}",2030_Advanced_0.25,45063.562869715286,48935.690671254204,7.9126865247525435
all_interfaces,0,"{""Belgium"": ""LH2_Tk_BE"", ""France"": ""LH2_Tk_FRSW"", ""Germany"": ""LH2_Tk_DE"", ""Italy"": ""LH2_Tk_ITa"", ""Netherlands"": ""LH2_Tk_NL"", ""Poland"": ""LH2_Tk_PLN""}",2030_Advanced_0.5,49480.14164883727,53731.76801616355,7.912686524752566
all_interfaces,0,"{""Belgium"": ""LH2_Tk_BE"", ""France"": ""LH2_Tk_FRSW"", ""Germany"": ""LH2_Tk_DE"", ""Italy"": ""LH2_Tk_ITa"", ""Netherlands"": ""LH2_Tk_NL"", ""Poland"": ""LH2_Tk_PLN""}",2030_Advanced_0.75,67010.14768084479,72768.05582872905,7.912686524752555
all_interfaces,0,"{""Belgium"": ""LH2_Tk_BE"", ""France"": ""LH2_Tk_FRSW"", ""Germany"": ""LH2_Tk_DE"", ""Italy"": ""LH2_Tk_ITa"", ""Netherlands"": ""LH2_Tk_NL"", ""Poland"": ""LH2_Tk_PLN""}",2040_PCIPMI_0.25,61126.80983720829,69608.00762531867,12.184227185128481
all_interfaces,0,"{""Belgium"": ""LH2_Tk_BE"", ""France"": ""LH2_Tk_FRSW"", ""Germany"": ""LH2_Tk_DE"", ""Italy"": ""LH2_Tk_ITa"", ""Netherlands"": ""LH2_Tk_NL"", ""Poland"": ""LH2_Tk_PLN""}",2040_PCIPMI_0.5,82720.83352832975,94198.15014634938,12.18422718512846
all_interfaces,0,"{""Belgium"": ""LH2_Tk_BE"", ""France"": ""LH2_Tk_FRSW"", ""Germany"": ""LH2_Tk_DE"", ""Italy"": ""LH2_Tk_ITa"", ""Netherlands"": ""LH2_Tk_NL"", ""Poland"": ""LH2_Tk_PLN""}",2040_PCIPMI_0.75,90202.2453864005,102717.58989875318,12.184227185128504
all_interfaces,0,"{""Belgium"": ""LH2_Tk_BE"", ""France"": ""LH2_Tk_FRSW"", ""Germany"": ""LH2_Tk_DE"", ""Italy"": ""LH2_Tk_ITa"", ""Netherlands"": ""LH2_Tk_NL"", ""Poland"": ""LH2_Tk_PLN""}",2040_Advanced_0.25,64100.144185801364,69608.00762531867,7.912686524752532
all_interfaces,0,"{""Belgium"": ""LH2_Tk_BE"", ""France"": ""LH2_Tk_FRSW"", ""Germany"": ""LH2_Tk_DE"", ""Italy"": ""LH2_Tk_ITa"", ""Netherlands"": ""LH2_Tk_NL"", ""Poland"": ""LH2_Tk_PLN""}",2040_Advanced_0.5,86744.54581315305,94198.15014634938,7.912686524752521
all_interfaces,0,"{""Belgium"": ""LH2_Tk_BE"", ""France"": ""LH2_Tk_FRSW"", ""Germany"": ""LH2_Tk_DE"", ""Italy"": ""LH2_Tk_ITa"", ""Netherlands"": ""LH2_Tk_NL"", ""Poland"": ""LH2_Tk_PLN""}",2040_Advanced_0.75,94589.86900428394,102717.58989875318,7.912686524752555
all_interfaces,1,"{""Belgium"": ""LH2_Tk_BE"", ""France"": ""LH2_Tk_FRSW"", ""Germany"": ""LH2_Tk_DEbp"", ""Italy"": ""LH2_Tk_ITa"", ""Netherlands"": ""LH2_Tk_NL"", ""Poland"": ""LH2_Tk_PLN""}",2030_PCIPMI_0.25,41853.02335915741,48935.690671254204,14.473418510995483
all_interfaces,1,"{""Belgium"": ""LH2_Tk_BE"", ""France"": ""LH2_Tk_FRSW"", ""Germany"": ""LH2_Tk_DEbp"", ""Italy"": ""LH2_Tk_ITa"", ""Netherlands"": ""LH2_Tk_NL"", ""Poland"": ""LH2_Tk_PLN""}",2030_PCIPMI_0.5,45954.94435782698,53731.76801616355,14.473418510995495
all_interfaces,1,"{""Belgium"": ""LH2_Tk_BE"", ""France"": ""LH2_Tk_FRSW"", ""Germany"": ""LH2_Tk_DEbp"", ""Italy"": ""LH2_Tk_ITa"", ""Netherlands"": ""LH2_Tk_NL"", ""Poland"": ""LH2_Tk_PLN""}",2030_PCIPMI_0.75,59531.50000000001,72768.05582872905,18.19006386522588
all_interfaces,1,"{""Belgium"": ""LH2_Tk_BE"", ""France"": ""LH2_Tk_FRSW"", ""Germany"": ""LH2_Tk_DEbp"", ""Italy"": ""LH2_Tk_ITa"", ""Netherlands"": ""LH2_Tk_NL"", ""Poland"": ""LH2_Tk_PLN""}",2030_Advanced_0.25,45063.56286971529,48935.690671254204,7.912686524752521
all_interfaces,1,"{""Belgium"": ""LH2_Tk_BE"", ""France"": ""LH2_Tk_FRSW"", ""Germany"": ""LH2_Tk_DEbp"", ""Italy"": ""LH2_Tk_ITa"", ""Netherlands"": ""LH2_Tk_NL"", ""Poland"": ""LH2_Tk_PLN""}",2030_Advanced_0.5,49480.14164883728,53731.76801616355,7.9126865247525435
all_interfaces,1,"{""Belgium"": ""LH2_Tk_BE"", ""France"": ""LH2_Tk_FRSW"", ""Germany"": ""LH2_Tk_DEbp"", ""Italy"": ""LH2_Tk_ITa"", ""Netherlands"": ""LH2_Tk_NL"", ""Poland"": ""LH2_Tk_PLN""}",2030_Advanced_0.75,67010.1476808448,72768.05582872905,7.912686524752532
all_interfaces,1,"{""Belgium"": ""LH2_Tk_BE"", ""France"": ""LH2_Tk_FRSW"", ""Germany"": ""LH2_Tk_DEbp"", ""Italy"": ""LH2_Tk_ITa"", ""Netherlands"": ""LH2_Tk_NL"", ""Poland"": ""LH2_Tk_PLN""}",2040_PCIPMI_0.25,61126.80983720829,69608.00762531867,12.184227185128481
all_interfaces,1,"{""Belgium"": ""LH2_Tk_BE"", ""France"": ""LH2_Tk_FRSW"", ""Germany"": ""LH2_Tk_DEbp"", ""Italy"": ""LH2_Tk_ITa"", ""Netherlands"": ""LH2_Tk_NL"", ""Poland"": ""LH2_Tk_PLN""}",2040_PCIPMI_0.5,82720.83352832975,94198.15014634938,12.18422718512846
all_interfaces,1,"{""Belgium"": ""LH2_Tk_BE"", ""France"": ""LH2_Tk_FRSW"", ""Germany"": ""LH2_Tk_DEbp"", ""Italy"": ""LH2_Tk_ITa"", ""Netherlands"": ""LH2_Tk_NL"", ""Poland"": ""LH2_Tk_PLN""}",2040_PCIPMI_0.75,90202.24538640048,102717.58989875318,12.184227185128515
all_interfaces,1,"{""Belgium"": ""LH2_Tk_BE"", ""France"": ""LH2_Tk_FRSW"", ""Germany"": ""LH2_Tk_DEbp"", ""Italy"": ""LH2_Tk_ITa"", ""Netherlands"": ""LH2_Tk_NL"", ""Poland"": ""LH2_Tk_PLN""}",2040_Advanced_0.25,64100.144185801364,69608.00762531867,7.912686524752532
all_interfaces,1,"{""Belgium"": ""LH2_Tk_BE"", ""France"": ""LH2_Tk_FRSW"", ""Germany"": ""LH2_Tk_DEbp"", ""Italy"": ""LH2_Tk_ITa"", ""Netherlands"": ""LH2_Tk_NL"", ""Poland"": ""LH2_Tk_PLN""}",2040_Advanced_0.5,86744.54581315305,94198.15014634938,7.912686524752521
all_interfaces,1,"{""Belgium"": ""LH2_Tk_BE"", ""France"": ""LH2_Tk_FRSW"", ""Germany"": ""LH2_Tk_DEbp"", ""Italy"": ""LH2_Tk_ITa"", ""Netherlands"": ""LH2_Tk_NL"", ""Poland"": ""LH2_Tk_PLN""}",2040_Advanced_0.75,94589.86900428396,102717.58989875318,7.9126865247525435
all_interfaces,2,"{""Belgium"": ""LH2_Tk_BE"", ""France"": ""LH2_Tk_FRW"", ""Germany"": ""LH2_Tk_DE"", ""Italy"": ""LH2_Tk_ITa"", ""Netherlands"": ""LH2_Tk_NL"", ""Poland"": ""LH2_Tk_PLN""}",2030_PCIPMI_0.25,41853.0233591574,48935.690671254204,14.473418510995506
all_interfaces,2,"{""Belgium"": ""LH2_Tk_BE"", ""France"": ""LH2_Tk_FRW"", ""Germany"": ""LH2_Tk_DE"", ""Italy"": ""LH2_Tk_ITa"", ""Netherlands"": ""LH2_Tk_NL"", ""Poland"": ""LH2_Tk_PLN""}",2030_PCIPMI_0.5,45954.944357826986,53731.76801616355,14.473418510995483
all_interfaces,2,"{""Belgium"": ""LH2_Tk_BE"", ""France"": ""LH2_Tk_FRW"", ""Germany"": ""LH2_Tk_DE"", ""Italy"": ""LH2_Tk_ITa"", ""Netherlands"": ""LH2_Tk_NL"", ""Poland"": ""LH2_Tk_PLN""}",2030_PCIPMI_0.75,62236.030566322246,72768.05582872905,14.473418510995483
all_interfaces,2,"{""Belgium"": ""LH2_Tk_BE"", ""France"": ""LH2_Tk_FRW"", ""Germany"": ""LH2_Tk_DE"", ""Italy"": ""LH2_Tk_ITa"", ""Netherlands"": ""LH2_Tk_NL"", ""Poland"": ""LH2_Tk_PLN""}",2030_Advanced_0.25,45063.562869715286,48935.690671254204,7.9126865247525435
all_interfaces,2,"{""Belgium"": ""LH2_Tk_BE"", ""France"": ""LH2_Tk_FRW"", ""Germany"": ""LH2_Tk_DE"", ""Italy"": ""LH2_Tk_ITa"", ""Netherlands"": ""LH2_Tk_NL"", ""Poland"": ""LH2_Tk_PLN""}",2030_Advanced_0.5,49480.14164883727,53731.76801616355,7.912686524752566
all_interfaces,2,"{""Belgium"": ""LH2_Tk_BE"", ""France"": ""LH2_Tk_FRW"", ""Germany"": ""LH2_Tk_DE"", ""Italy"": ""LH2_Tk_ITa"", ""Netherlands"": ""LH2_Tk_NL"", ""Poland"": ""LH2_Tk_PLN""}",2030_Advanced_0.75,67010.14768084479,72768.05582872905,7.912686524752555
all_interfaces,2,"{""Belgium"": ""LH2_Tk_BE"", ""France"": ""LH2_Tk_FRW"", ""Germany"": ""LH2_Tk_DE"", ""Italy"": ""LH2_Tk_ITa"", ""Netherlands"": ""LH2_Tk_NL"", ""Poland"": ""LH2_Tk_PLN""}",2040_PCIPMI_0.25,61126.80983720829,69608.00762531867,12.184227185128481
all_interfaces,2,"{""Belgium"": ""LH2_Tk_BE"", ""France"": ""LH2_Tk_FRW"", ""Germany"": ""LH2_Tk_DE"", ""Italy"": ""LH2_Tk_ITa"", ""Netherlands"": ""LH2_Tk_NL"", ""Poland"": ""LH2_Tk_PLN""}",2040_PCIPMI_0.5,82720.83352832975,94198.15014634938,12.18422718512846
all_interfaces,2,"{""Belgium"": ""LH2_Tk_BE"", ""France"": ""LH2_Tk_FRW"", ""Germany"": ""LH2_Tk_DE"", ""Italy"": ""LH2_Tk_ITa"", ""Netherlands"": ""LH2_Tk_NL"", ""Poland"": ""LH2_Tk_PLN""}",2040_PCIPMI_0.75,90202.2453864005,102717.58989875318,12.184227185128504
all_interfaces,2,"{""Belgium"": ""LH2_Tk_BE"", ""France"": ""LH2_Tk_FRW"", ""Germany"": ""LH2_Tk_DE"", ""Italy"": ""LH2_Tk_ITa"", ""Netherlands"": ""LH2_Tk_NL"", ""Poland"": ""LH2_Tk_PLN""}",2040_Advanced_0.25,64100.144185801364,69608.00762531867,7.912686524752532
all_interfaces,2,"{""Belgium"": ""LH2_Tk_BE"", ""France"": ""LH2_Tk_FRW"", ""Germany"": ""LH2_Tk_DE"", ""Italy"": ""LH2_Tk_ITa"", ""Netherlands"": ""LH2_Tk_NL"", ""Poland"": ""LH2_Tk_PLN""}",2040_Advanced_0.5,86744.54581315305,94198.15014634938,7.912686524752521
all_interfaces,2,"{""Belgium"": ""LH2_Tk_BE"", ""France"": ""LH2_Tk_FRW"", ""Germany"": ""LH2_Tk_DE"", ""Italy"": ""LH2_Tk_ITa"", ""Netherlands"": ""LH2_Tk_NL"", ""Poland"": ""LH2_Tk_PLN""}",2040_Advanced_0.75,94589.86900428394,102717.58989875318,7.912686524752555
all_interfaces,3,"{""Belgium"": ""LH2_Tk_BE"", ""France"": ""LH2_Tk_FRW"", ""Germany"": ""LH2_Tk_DEbp"", ""Italy"": ""LH2_Tk_ITa"", ""Netherlands"": ""LH2_Tk_NL"", ""Poland"": ""LH2_Tk_PLN""}",2030_PCIPMI_0.25,41853.02335915741,48935.690671254204,14.473418510995483
all_interfaces,3,"{""Belgium"": ""LH2_Tk_BE"", ""France"": ""LH2_Tk_FRW"", ""Germany"": ""LH2_Tk_DEbp"", ""Italy"": ""LH2_Tk_ITa"", ""Netherlands"": ""LH2_Tk_NL"", ""Poland"": ""LH2_Tk_PLN""}",2030_PCIPMI_0.5,45954.94435782698,53731.76801616355,14.473418510995495
all_interfaces,3,"{""Belgium"": ""LH2_Tk_BE"", ""France"": ""LH2_Tk_FRW"", ""Germany"": ""LH2_Tk_DEbp"", ""Italy"": ""LH2_Tk_ITa"", ""Netherlands"": ""LH2_Tk_NL"", ""Poland"": ""LH2_Tk_PLN""}",2030_PCIPMI_0.75,59531.50000000001,72768.05582872905,18.19006386522588
all_interfaces,3,"{""Belgium"": ""LH2_Tk_BE"", ""France"": ""LH2_Tk_FRW"", ""Germany"": ""LH2_Tk_DEbp"", ""Italy"": ""LH2_Tk_ITa"", ""Netherlands"": ""LH2_Tk_NL"", ""Poland"": ""LH2_Tk_PLN""}",2030_Advanced_0.25,45063.56286971529,48935.690671254204,7.912686524752521
all_interfaces,3,"{""Belgium"": ""LH2_Tk_BE"", ""France"": ""LH2_Tk_FRW"", ""Germany"": ""LH2_Tk_DEbp"", ""Italy"": ""LH2_Tk_ITa"", ""Netherlands"": ""LH2_Tk_NL"", ""Poland"": ""LH2_Tk_PLN""}",2030_Advanced_0.5,49480.14164883728,53731.76801616355,7.9126865247525435
all_interfaces,3,"{""Belgium"": ""LH2_Tk_BE"", ""France"": ""LH2_Tk_FRW"", ""Germany"": ""LH2_Tk_DEbp"", ""Italy"": ""LH2_Tk_ITa"", ""Netherlands"": ""LH2_Tk_NL"", ""Poland"": ""LH2_Tk_PLN""}",2030_Advanced_0.75,67010.1476808448,72768.05582872905,7.912686524752532
all_interfaces,3,"{""Belgium"": ""LH2_Tk_BE"", ""France"": ""LH2_Tk_FRW"", ""Germany"": ""LH2_Tk_DEbp"", ""Italy"": ""LH2_Tk_ITa"", ""Netherlands"": ""LH2_Tk_NL"", ""Poland"": ""LH2_Tk_PLN""}",2040_PCIPMI_0.25,61126.80983720829,69608.00762531867,12.184227185128481
all_interfaces,3,"{""Belgium"": ""LH2_Tk_BE"", ""France"": ""LH2_Tk_FRW"", ""Germany"": ""LH2_Tk_DEbp"", ""Italy"": ""LH2_Tk_ITa"", ""Netherlands"": ""LH2_Tk_NL"", ""Poland"": ""LH2_Tk_PLN""}",2040_PCIPMI_0.5,82720.83352832975,94198.15014634938,12.18422718512846
all_interfaces,3,"{""Belgium"": ""LH2_Tk_BE"", ""France"": ""LH2_Tk_FRW"", ""Germany"": ""LH2_Tk_DEbp"", ""Italy"": ""LH2_Tk_ITa"", ""Netherlands"": ""LH2_Tk_NL"", ""Poland"": ""LH2_Tk_PLN""}",2040_PCIPMI_0.75,90202.24538640048,102717.58989875318,12.184227185128515
all_interfaces,3,"{""Belgium"": ""LH2_Tk_BE"", ""France"": ""LH2_Tk_FRW"", ""Germany"": ""LH2_Tk_DEbp"", ""Italy"": ""LH2_Tk_ITa"", ""Netherlands"": ""LH2_Tk_NL"", ""Poland"": ""LH2_Tk_PLN""}",2040_Advanced_0.25,64100.144185801364,69608.00762531867,7.912686524752532
all_interfaces,3,"{""Belgium"": ""LH2_Tk_BE"", ""France"": ""LH2_Tk_FRW"", ""Germany"": ""LH2_Tk_DEbp"", ""Italy"": ""LH2_Tk_ITa"", ""Netherlands"": ""LH2_Tk_NL"", ""Poland"": ""LH2_Tk_PLN""}",2040_Advanced_0.5,86744.54581315305,94198.15014634938,7.912686524752521
all_interfaces,3,"{""Belgium"": ""LH2_Tk_BE"", ""France"": ""LH2_Tk_FRW"", ""Germany"": ""LH2_Tk_DEbp"", ""Italy"": ""LH2_Tk_ITa"", ""Netherlands"": ""LH2_Tk_NL"", ""Poland"": ""LH2_Tk_PLN""}",2040_Advanced_0.75,94589.86900428396,102717.58989875318,7.9126865247525435
all_interfaces,4,"{""Belgium"": ""LH2_Tk_BE"", ""France"": ""LH2_Tk_FRn"", ""Germany"": ""LH2_Tk_DE"", ""Italy"": ""LH2_Tk_ITa"", ""Netherlands"": ""LH2_Tk_NL"", ""Poland"": ""LH2_Tk_PLN""}",2030_PCIPMI_0.25,41853.0233591574,48935.690671254204,14.473418510995506
all_interfaces,4,"{""Belgium"": ""LH2_Tk_BE"", ""France"": ""LH2_Tk_FRn"", ""Germany"": ""LH2_Tk_DE"", ""Italy"": ""LH2_Tk_ITa"", ""Netherlands"": ""LH2_Tk_NL"", ""Poland"": ""LH2_Tk_PLN""}",2030_PCIPMI_0.5,45954.944357826986,53731.76801616355,14.473418510995483
all_interfaces,4,"{""Belgium"": ""LH2_Tk_BE"", ""France"": ""LH2_Tk_FRn"", ""Germany"": ""LH2_Tk_DE"", ""Italy"": ""LH2_Tk_ITa"", ""Netherlands"": ""LH2_Tk_NL"", ""Poland"": ""LH2_Tk_PLN""}",2030_PCIPMI_0.75,62236.030566322246,72768.05582872905,14.473418510995483
all_interfaces,4,"{""Belgium"": ""LH2_Tk_BE"", ""France"": ""LH2_Tk_FRn"", ""Germany"": ""LH2_Tk_DE"", ""Italy"": ""LH2_Tk_ITa"", ""Netherlands"": ""LH2_Tk_NL"", ""Poland"": ""LH2_Tk_PLN""}",2030_Advanced_0.25,45063.562869715286,48935.690671254204,7.9126865247525435
all_interfaces,4,"{""Belgium"": ""LH2_Tk_BE"", ""France"": ""LH2_Tk_FRn"", ""Germany"": ""LH2_Tk_DE"", ""Italy"": ""LH2_Tk_ITa"", ""Netherlands"": ""LH2_Tk_NL"", ""Poland"": ""LH2_Tk_PLN""}",2030_Advanced_0.5,49480.14164883727,53731.76801616355,7.912686524752566
all_interfaces,4,"{""Belgium"": ""LH2_Tk_BE"", ""France"": ""LH2_Tk_FRn"", ""Germany"": ""LH2_Tk_DE"", ""Italy"": ""LH2_Tk_ITa"", ""Netherlands"": ""LH2_Tk_NL"", ""Poland"": ""LH2_Tk_PLN""}",2030_Advanced_0.75,67010.14768084479,72768.05582872905,7.912686524752555
all_interfaces,4,"{""Belgium"": ""LH2_Tk_BE"", ""France"": ""LH2_Tk_FRn"", ""Germany"": ""LH2_Tk_DE"", ""Italy"": ""LH2_Tk_ITa"", ""Netherlands"": ""LH2_Tk_NL"", ""Poland"": ""LH2_Tk_PLN""}",2040_PCIPMI_0.25,61126.80983720829,69608.00762531867,12.184227185128481
all_interfaces,4,"{""Belgium"": ""LH2_Tk_BE"", ""France"": ""LH2_Tk_FRn"", ""Germany"": ""LH2_Tk_DE"", ""Italy"": ""LH2_Tk_ITa"", ""Netherlands"": ""LH2_Tk_NL"", ""Poland"": ""LH2_Tk_PLN""}",2040_PCIPMI_0.5,82720.83352832975,94198.15014634938,12.18422718512846
all_interfaces,4,"{""Belgium"": ""LH2_Tk_BE"", ""France"": ""LH2_Tk_FRn"", ""Germany"": ""LH2_Tk_DE"", ""Italy"": ""LH2_Tk_ITa"", ""Netherlands"": ""LH2_Tk_NL"", ""Poland"": ""LH2_Tk_PLN""}",2040_PCIPMI_0.75,90202.24538640048,102717.58989875318,12.184227185128515
all_interfaces,4,"{""Belgium"": ""LH2_Tk_BE"", ""France"": ""LH2_Tk_FRn"", ""Germany"": ""LH2_Tk_DE"", ""Italy"": ""LH2_Tk_ITa"", ""Netherlands"": ""LH2_Tk_NL"", ""Poland"": ""LH2_Tk_PLN""}",2040_Advanced_0.25,64100.14418580137,69608.00762531867,7.912686524752521
all_interfaces,4,"{""Belgium"": ""LH2_Tk_BE"", ""France"": ""LH2_Tk_FRn"", ""Germany"": ""LH2_Tk_DE"", ""Italy"": ""LH2_Tk_ITa"", ""Netherlands"": ""LH2_Tk_NL"", ""Poland"": ""LH2_Tk_PLN""}",2040_Advanced_0.5,86744.54581315305,94198.15014634938,7.912686524752521
all_interfaces,4,"{""Belgium"": ""LH2_Tk_BE"", ""France"": ""LH2_Tk_FRn"", ""Germany"": ""LH2_Tk_DE"", ""Italy"": ""LH2_Tk_ITa"", ""Netherlands"": ""LH2_Tk_NL"", ""Poland"": ""LH2_Tk_PLN""}",2040_Advanced_0.75,94589.86900428394,102717.58989875318,7.912686524752555
all_interfaces,5,"{""Belgium"": ""LH2_Tk_BE"", ""France"": ""LH2_Tk_FRn"", ""Germany"": ""LH2_Tk_DEbp"", ""Italy"": ""LH2_Tk_ITa"", ""Netherlands"": ""LH2_Tk_NL"", ""Poland"": ""LH2_Tk_PLN""}",2030_PCIPMI_0.25,41853.02335915741,48935.690671254204,14.473418510995483
all_interfaces,5,"{""Belgium"": ""LH2_Tk_BE"", ""France"": ""LH2_Tk_FRn"", ""Germany"": ""LH2_Tk_DEbp"", ""Italy"": ""LH2_Tk_ITa"", ""Netherlands"": ""LH2_Tk_NL"", ""Poland"": ""LH2_Tk_PLN""}",2030_PCIPMI_0.5,45954.94435782698,53731.76801616355,14.473418510995495
all_interfaces,5,"{""Belgium"": ""LH2_Tk_BE"", ""France"": ""LH2_Tk_FRn"", ""Germany"": ""LH2_Tk_DEbp"", ""Italy"": ""LH2_Tk_ITa"", ""Netherlands"": ""LH2_Tk_NL"", ""Poland"": ""LH2_Tk_PLN""}",2030_PCIPMI_0.75,59531.50000000001,72768.05582872905,18.19006386522588
all_interfaces,5,"{""Belgium"": ""LH2_Tk_BE"", ""France"": ""LH2_Tk_FRn"", ""Germany"": ""LH2_Tk_DEbp"", ""Italy"": ""LH2_Tk_ITa"", ""Netherlands"": ""LH2_Tk_NL"", ""Poland"": ""LH2_Tk_PLN""}",2030_Advanced_0.25,45063.56286971529,48935.690671254204,7.912686524752521
all_interfaces,5,"{""Belgium"": ""LH2_Tk_BE"", ""France"": ""LH2_Tk_FRn"", ""Germany"": ""LH2_Tk_DEbp"", ""Italy"": ""LH2_Tk_ITa"", ""Netherlands"": ""LH2_Tk_NL"", ""Poland"": ""LH2_Tk_PLN""}",2030_Advanced_0.5,49480.14164883728,53731.76801616355,7.9126865247525435
all_interfaces,5,"{""Belgium"": ""LH2_Tk_BE"", ""France"": ""LH2_Tk_FRn"", ""Germany"": ""LH2_Tk_DEbp"", ""Italy"": ""LH2_Tk_ITa"", ""Netherlands"": ""LH2_Tk_NL"", ""Poland"": ""LH2_Tk_PLN""}",2030_Advanced_0.75,67010.1476808448,72768.05582872905,7.912686524752532
all_interfaces,5,"{""Belgium"": ""LH2_Tk_BE"", ""France"": ""LH2_Tk_FRn"", ""Germany"": ""LH2_Tk_DEbp"", ""Italy"": ""LH2_Tk_ITa"", ""Netherlands"": ""LH2_Tk_NL"", ""Poland"": ""LH2_Tk_PLN""}",2040_PCIPMI_0.25,61126.80983720829,69608.00762531867,12.184227185128481
all_interfaces,5,"{""Belgium"": ""LH2_Tk_BE"", ""France"": ""LH2_Tk_FRn"", ""Germany"": ""LH2_Tk_DEbp"", ""Italy"": ""LH2_Tk_ITa"", ""Netherlands"": ""LH2_Tk_NL"", ""Poland"": ""LH2_Tk_PLN""}",2040_PCIPMI_0.5,82720.83352832975,94198.15014634938,12.18422718512846
all_interfaces,5,"{""Belgium"": ""LH2_Tk_BE"", ""France"": ""LH2_Tk_FRn"", ""Germany"": ""LH2_Tk_DEbp"", ""Italy"": ""LH2_Tk_ITa"", ""Netherlands"": ""LH2_Tk_NL"", ""Poland"": ""LH2_Tk_PLN""}",2040_PCIPMI_0.75,90202.24538640048,102717.58989875318,12.184227185128515
all_interfaces,5,"{""Belgium"": ""LH2_Tk_BE"", ""France"": ""LH2_Tk_FRn"", ""Germany"": ""LH2_Tk_DEbp"", ""Italy"": ""LH2_Tk_ITa"", ""Netherlands"": ""LH2_Tk_NL"", ""Poland"": ""LH2_Tk_PLN""}",2040_Advanced_0.25,64100.144185801364,69608.00762531867,7.912686524752532
all_interfaces,5,"{""Belgium"": ""LH2_Tk_BE"", ""France"": ""LH2_Tk_FRn"", ""Germany"": ""LH2_Tk_DEbp"", ""Italy"": ""LH2_Tk_ITa"", ""Netherlands"": ""LH2_Tk_NL"", ""Poland"": ""LH2_Tk_PLN""}",2040_Advanced_0.5,86744.54581315305,94198.15014634938,7.912686524752521
all_interfaces,5,"{""Belgium"": ""LH2_Tk_BE"", ""France"": ""LH2_Tk_FRn"", ""Germany"": ""LH2_Tk_DEbp"", ""Italy"": ""LH2_Tk_ITa"", ""Netherlands"": ""LH2_Tk_NL"", ""Poland"": ""LH2_Tk_PLN""}",2040_Advanced_0.75,94589.86900428396,102717.58989875318,7.9126865247525435
optimistic_selection,0,"{""Belgium"": ""LH2_Tk_BE"", ""France"": ""LH2_Tk_FRSW"", ""Germany"": ""LH2_Tk_DE"", ""Italy"": ""LH2_Tk_ITa"", ""Netherlands"": ""LH2_Tk_NL"", ""Poland"": ""LH2_Tk_PLN""}",2030_PCIPMI_0.25,41853.0233591574,48935.690671254204,14.473418510995506
optimistic_selection,0,"{""Belgium"": ""LH2_Tk_BE"", ""France"": ""LH2_Tk_FRSW"", ""Germany"": ""LH2_Tk_DE"", ""Italy"": ""LH2_Tk_ITa"", ""Netherlands"": ""LH2_Tk_NL"", ""Poland"": ""LH2_Tk_PLN""}",2030_PCIPMI_0.5,45954.944357826986,53731.76801616355,14.473418510995483
optimistic_selection,0,"{""Belgium"": ""LH2_Tk_BE"", ""France"": ""LH2_Tk_FRSW"", ""Germany"": ""LH2_Tk_DE"", ""Italy"": ""LH2_Tk_ITa"", ""Netherlands"": ""LH2_Tk_NL"", ""Poland"": ""LH2_Tk_PLN""}",2030_PCIPMI_0.75,62236.030566322246,72768.05582872905,14.473418510995483
optimistic_selection,0,"{""Belgium"": ""LH2_Tk_BE"", ""France"": ""LH2_Tk_FRSW"", ""Germany"": ""LH2_Tk_DE"", ""Italy"": ""LH2_Tk_ITa"", ""Netherlands"": ""LH2_Tk_NL"", ""Poland"": ""LH2_Tk_PLN""}",2030_Advanced_0.25,45063.56286971528,48935.690671254204,7.912686524752555
optimistic_selection,0,"{""Belgium"": ""LH2_Tk_BE"", ""France"": ""LH2_Tk_FRSW"", ""Germany"": ""LH2_Tk_DE"", ""Italy"": ""LH2_Tk_ITa"", ""Netherlands"": ""LH2_Tk_NL"", ""Poland"": ""LH2_Tk_PLN""}",2030_Advanced_0.5,49480.14164883728,53731.76801616355,7.9126865247525435
optimistic_selection,0,"{""Belgium"": ""LH2_Tk_BE"", ""France"": ""LH2_Tk_FRSW"", ""Germany"": ""LH2_Tk_DE"", ""Italy"": ""LH2_Tk_ITa"", ""Netherlands"": ""LH2_Tk_NL"", ""Poland"": ""LH2_Tk_PLN""}",2030_Advanced_0.75,67010.1476808448,72768.05582872905,7.912686524752532
optimistic_selection,0,"{""Belgium"": ""LH2_Tk_BE"", ""France"": ""LH2_Tk_FRSW"", ""Germany"": ""LH2_Tk_DE"", ""Italy"": ""LH2_Tk_ITa"", ""Netherlands"": ""LH2_Tk_NL"", ""Poland"": ""LH2_Tk_PLN""}",2040_PCIPMI_0.25,61126.80983720829,69608.00762531867,12.184227185128481
optimistic_selection,0,"{""Belgium"": ""LH2_Tk_BE"", ""France"": ""LH2_Tk_FRSW"", ""Germany"": ""LH2_Tk_DE"", ""Italy"": ""LH2_Tk_ITa"", ""Netherlands"": ""LH2_Tk_NL"", ""Poland"": ""LH2_Tk_PLN""}",2040_PCIPMI_0.5,82720.83352832975,94198.15014634938,12.18422718512846
optimistic_selection,0,"{""Belgium"": ""LH2_Tk_BE"", ""France"": ""LH2_Tk_FRSW"", ""Germany"": ""LH2_Tk_DE"", ""Italy"": ""LH2_Tk_ITa"", ""Netherlands"": ""LH2_Tk_NL"", ""Poland"": ""LH2_Tk_PLN""}",2040_PCIPMI_0.75,90202.2453864005,102717.58989875318,12.184227185128504
optimistic_selection,0,"{""Belgium"": ""LH2_Tk_BE"", ""France"": ""LH2_Tk_FRSW"", ""Germany"": ""LH2_Tk_DE"", ""Italy"": ""LH2_Tk_ITa"", ""Netherlands"": ""LH2_Tk_NL"", ""Poland"": ""LH2_Tk_PLN""}",2040_Advanced_0.25,64100.144185801364,69608.00762531867,7.912686524752532
optimistic_selection,0,"{""Belgium"": ""LH2_Tk_BE"", ""France"": ""LH2_Tk_FRSW"", ""Germany"": ""LH2_Tk_DE"", ""Italy"": ""LH2_Tk_ITa"", ""Netherlands"": ""LH2_Tk_NL"", ""Poland"": ""LH2_Tk_PLN""}",2040_Advanced_0.5,86744.54581315303,94198.15014634938,7.912686524752532
optimistic_selection,0,"{""Belgium"": ""LH2_Tk_BE"", ""France"": ""LH2_Tk_FRSW"", ""Germany"": ""LH2_Tk_DE"", ""Italy"": ""LH2_Tk_ITa"", ""Netherlands"": ""LH2_Tk_NL"", ""Poland"": ""LH2_Tk_PLN""}",2040_Advanced_0.75,94589.86900428394,102717.58989875318,7.912686524752555
optimistic_selection,1,"{""Belgium"": ""LH2_Tk_BE"", ""France"": ""LH2_Tk_FRSW"", ""Germany"": ""LH2_Tk_DEbp"", ""Italy"": ""LH2_Tk_ITa"", ""Netherlands"": ""LH2_Tk_NL"", ""Poland"": ""LH2_Tk_PLN""}",2030_PCIPMI_0.25,41853.02335915741,48935.690671254204,14.473418510995483
optimistic_selection,1,"{""Belgium"": ""LH2_Tk_BE"", ""France"": ""LH2_Tk_FRSW"", ""Germany"": ""LH2_Tk_DEbp"", ""Italy"": ""LH2_Tk_ITa"", ""Netherlands"": ""LH2_Tk_NL"", ""Poland"": ""LH2_Tk_PLN""}",2030_PCIPMI_0.5,45954.94435782697,53731.76801616355,14.473418510995506
optimistic_selection,1,"{""Belgium"": ""LH2_Tk_BE"", ""France"": ""LH2_Tk_FRSW"", ""Germany"": ""LH2_Tk_DEbp"", ""Italy"": ""LH2_Tk_ITa"", ""Netherlands"": ""LH2_Tk_NL"", ""Poland"": ""LH2_Tk_PLN""}",2030_PCIPMI_0.75,54786.5,72768.05582872905,24.71078225732929
optimistic_selection,1,"{""Belgium"": ""LH2_Tk_BE"", ""France"": ""LH2_Tk_FRSW"", ""Germany"": ""LH2_Tk_DEbp"", ""Italy"": ""LH2_Tk_ITa"", ""Netherlands"": ""LH2_Tk_NL"", ""Poland"": ""LH2_Tk_PLN""}",2030_Advanced_0.25,45063.562869715286,48935.690671254204,7.9126865247525435
optimistic_selection,1,"{""Belgium"": ""LH2_Tk_BE"", ""France"": ""LH2_Tk_FRSW"", ""Germany"": ""LH2_Tk_DEbp"", ""Italy"": ""LH2_Tk_ITa"", ""Netherlands"": ""LH2_Tk_NL"", ""Poland"": ""LH2_Tk_PLN""}",2030_Advanced_0.5,49480.14164883726,53731.76801616355,7.912686524752576
optimistic_selection,1,"{""Belgium"": ""LH2_Tk_BE"", ""France"": ""LH2_Tk_FRSW"", ""Germany"": ""LH2_Tk_DEbp"", ""Italy"": ""LH2_Tk_ITa"", ""Netherlands"": ""LH2_Tk_NL"", ""Poland"": ""LH2_Tk_PLN""}",2030_Advanced_0.75,67010.1476808448,72768.05582872905,7.912686524752532
optimistic_selection,1,"{""Belgium"": ""LH2_Tk_BE"", ""France"": ""LH2_Tk_FRSW"", ""Germany"": ""LH2_Tk_DEbp"", ""Italy"": ""LH2_Tk_ITa"", ""Netherlands"": ""LH2_Tk_NL"", ""Poland"": ""LH2_Tk_PLN""}",2040_PCIPMI_0.25,61126.80983720829,69608.00762531867,12.184227185128481
optimistic_selection,1,"{""Belgium"": ""LH2_Tk_BE"", ""France"": ""LH2_Tk_FRSW"", ""Germany"": ""LH2_Tk_DEbp"", ""Italy"": ""LH2_Tk_ITa"", ""Netherlands"": ""LH2_Tk_NL"", ""Poland"": ""LH2_Tk_PLN""}",2040_PCIPMI_0.5,82720.83352832975,94198.15014634938,12.18422718512846
optimistic_selection,1,"{""Belgium"": ""LH2_Tk_BE"", ""France"": ""LH2_Tk_FRSW"", ""Germany"": ""LH2_Tk_DEbp"", ""Italy"": ""LH2_Tk_ITa"", ""Netherlands"": ""LH2_Tk_NL"", ""Poland"": ""LH2_Tk_PLN""}",2040_PCIPMI_0.75,90202.24538640048,102717.58989875318,12.184227185128515
optimistic_selection,1,"{""Belgium"": ""LH2_Tk_BE"", ""France"": ""LH2_Tk_FRSW"", ""Germany"": ""LH2_Tk_DEbp"", ""Italy"": ""LH2_Tk_ITa"", ""Netherlands"": ""LH2_Tk_NL"", ""Poland"": ""LH2_Tk_PLN""}",2040_Advanced_0.25,64100.144185801364,69608.00762531867,7.912686524752532
optimistic_selection,1,"{""Belgium"": ""LH2_Tk_BE"", ""France"": ""LH2_Tk_FRSW"", ""Germany"": ""LH2_Tk_DEbp"", ""Italy"": ""LH2_Tk_ITa"", ""Netherlands"": ""LH2_Tk_NL"", ""Poland"": ""LH2_Tk_PLN""}",2040_Advanced_0.5,86744.54581315305,94198.15014634938,7.912686524752521
optimistic_selection,1,"{""Belgium"": ""LH2_Tk_BE"", ""France"": ""LH2_Tk_FRSW"", ""Germany"": ""LH2_Tk_DEbp"", ""Italy"": ""LH2_Tk_ITa"", ""Netherlands"": ""LH2_Tk_NL"", ""Poland"": ""LH2_Tk_PLN""}",2040_Advanced_0.75,94589.86900428394,102717.58989875318,7.912686524752555
optimistic_selection,2,"{""Belgium"": ""LH2_Tk_BE"", ""France"": ""LH2_Tk_FRW"", ""Germany"": ""LH2_Tk_DE"", ""Italy"": ""LH2_Tk_ITa"", ""Netherlands"": ""LH2_Tk_NL"", ""Poland"": ""LH2_Tk_PLN""}",2030_PCIPMI_0.25,41853.0233591574,48935.690671254204,14.473418510995506
optimistic_selection,2,"{""Belgium"": ""LH2_Tk_BE"", ""France"": ""LH2_Tk_FRW"", ""Germany"": ""LH2_Tk_DE"", ""Italy"": ""LH2_Tk_ITa"", ""Netherlands"": ""LH2_Tk_NL"", ""Poland"": ""LH2_Tk_PLN""}",2030_PCIPMI_0.5,45954.944357826986,53731.76801616355,14.473418510995483
optimistic_selection,2,"{""Belgium"": ""LH2_Tk_BE"", ""France"": ""LH2_Tk_FRW"", ""Germany"": ""LH2_Tk_DE"", ""Italy"": ""LH2_Tk_ITa"", ""Netherlands"": ""LH2_Tk_NL"", ""Poland"": ""LH2_Tk_PLN""}",2030_PCIPMI_0.75,62236.030566322246,72768.05582872905,14.473418510995483
optimistic_selection,2,"{""Belgium"": ""LH2_Tk_BE"", ""France"": ""LH2_Tk_FRW"", ""Germany"": ""LH2_Tk_DE"", ""Italy"": ""LH2_Tk_ITa"", ""Netherlands"": ""LH2_Tk_NL"", ""Poland"": ""LH2_Tk_PLN""}",2030_Advanced_0.25,45063.56286971528,48935.690671254204,7.912686524752555
optimistic_selection,2,"{""Belgium"": ""LH2_Tk_BE"", ""France"": ""LH2_Tk_FRW"", ""Germany"": ""LH2_Tk_DE"", ""Italy"": ""LH2_Tk_ITa"", ""Netherlands"": ""LH2_Tk_NL"", ""Poland"": ""LH2_Tk_PLN""}",2030_Advanced_0.5,49480.14164883728,53731.76801616355,7.9126865247525435
optimistic_selection,2,"{""Belgium"": ""LH2_Tk_BE"", ""France"": ""LH2_Tk_FRW"", ""Germany"": ""LH2_Tk_DE"", ""Italy"": ""LH2_Tk_ITa"", ""Netherlands"": ""LH2_Tk_NL"", ""Poland"": ""LH2_Tk_PLN""}",2030_Advanced_0.75,67010.1476808448,72768.05582872905,7.912686524752532
optimistic_selection,2,"{""Belgium"": ""LH2_Tk_BE"", ""France"": ""LH2_Tk_FRW"", ""Germany"": ""LH2_Tk_DE"", ""Italy"": ""LH2_Tk_ITa"", ""Netherlands"": ""LH2_Tk_NL"", ""Poland"": ""LH2_Tk_PLN""}",2040_PCIPMI_0.25,61126.80983720829,69608.00762531867,12.184227185128481
optimistic_selection,2,"{""Belgium"": ""LH2_Tk_BE"", ""France"": ""LH2_Tk_FRW"", ""Germany"": ""LH2_Tk_DE"", ""Italy"": ""LH2_Tk_ITa"", ""Netherlands"": ""LH2_Tk_NL"", ""Poland"": ""LH2_Tk_PLN""}",2040_PCIPMI_0.5,82720.83352832975,94198.15014634938,12.18422718512846
optimistic_selection,2,"{""Belgium"": ""LH2_Tk_BE"", ""France"": ""LH2_Tk_FRW"", ""Germany"": ""LH2_Tk_DE"", ""Italy"": ""LH2_Tk_ITa"", ""Netherlands"": ""LH2_Tk_NL"", ""Poland"": ""LH2_Tk_PLN""}",2040_PCIPMI_0.75,90202.2453864005,102717.58989875318,12.184227185128504
optimistic_selection,2,"{""Belgium"": ""LH2_Tk_BE"", ""France"": ""LH2_Tk_FRW"", ""Germany"": ""LH2_Tk_DE"", ""Italy"": ""LH2_Tk_ITa"", ""Netherlands"": ""LH2_Tk_NL"", ""Poland"": ""LH2_Tk_PLN""}",2040_Advanced_0.25,64100.144185801364,69608.00762531867,7.912686524752532
optimistic_selection,2,"{""Belgium"": ""LH2_Tk_BE"", ""France"": ""LH2_Tk_FRW"", ""Germany"": ""LH2_Tk_DE"", ""Italy"": ""LH2_Tk_ITa"", ""Netherlands"": ""LH2_Tk_NL"", ""Poland"": ""LH2_Tk_PLN""}",2040_Advanced_0.5,86744.54581315303,94198.15014634938,7.912686524752532
optimistic_selection,2,"{""Belgium"": ""LH2_Tk_BE"", ""France"": ""LH2_Tk_FRW"", ""Germany"": ""LH2_Tk_DE"", ""Italy"": ""LH2_Tk_ITa"", ""Netherlands"": ""LH2_Tk_NL"", ""Poland"": ""LH2_Tk_PLN""}",2040_Advanced_0.75,94589.86900428394,102717.58989875318,7.912686524752555
optimistic_selection,3,"{""Belgium"": ""LH2_Tk_BE"", ""France"": ""LH2_Tk_FRW"", ""Germany"": ""LH2_Tk_DEbp"", ""Italy"": ""LH2_Tk_ITa"", ""Netherlands"": ""LH2_Tk_NL"", ""Poland"": ""LH2_Tk_PLN""}",2030_PCIPMI_0.25,41853.02335915741,48935.690671254204,14.473418510995483
optimistic_selection,3,"{""Belgium"": ""LH2_Tk_BE"", ""France"": ""LH2_Tk_FRW"", ""Germany"": ""LH2_Tk_DEbp"", ""Italy"": ""LH2_Tk_ITa"", ""Netherlands"": ""LH2_Tk_NL"", ""Poland"": ""LH2_Tk_PLN""}",2030_PCIPMI_0.5,45954.94435782697,53731.76801616355,14.473418510995506
optimistic_selection,3,"{""Belgium"": ""LH2_Tk_BE"", ""France"": ""LH2_Tk_FRW"", ""Germany"": ""LH2_Tk_DEbp"", ""Italy"": ""LH2_Tk_ITa"", ""Netherlands"": ""LH2_Tk_NL"", ""Poland"": ""LH2_Tk_PLN""}",2030_PCIPMI_0.75,54786.5,72768.05582872905,24.71078225732929
optimistic_selection,3,"{""Belgium"": ""LH2_Tk_BE"", ""France"": ""LH2_Tk_FRW"", ""Germany"": ""LH2_Tk_DEbp"", ""Italy"": ""LH2_Tk_ITa"", ""Netherlands"": ""LH2_Tk_NL"", ""Poland"": ""LH2_Tk_PLN""}",2030_Advanced_0.25,45063.562869715286,48935.690671254204,7.9126865247525435
optimistic_selection,3,"{""Belgium"": ""LH2_Tk_BE"", ""France"": ""LH2_Tk_FRW"", ""Germany"": ""LH2_Tk_DEbp"", ""Italy"": ""LH2_Tk_ITa"", ""Netherlands"": ""LH2_Tk_NL"", ""Poland"": ""LH2_Tk_PLN""}",2030_Advanced_0.5,49480.14164883726,53731.76801616355,7.912686524752576
optimistic_selection,3,"{""Belgium"": ""LH2_Tk_BE"", ""France"": ""LH2_Tk_FRW"", ""Germany"": ""LH2_Tk_DEbp"", ""Italy"": ""LH2_Tk_ITa"", ""Netherlands"": ""LH2_Tk_NL"", ""Poland"": ""LH2_Tk_PLN""}",2030_Advanced_0.75,67010.1476808448,72768.05582872905,7.912686524752532
optimistic_selection,3,"{""Belgium"": ""LH2_Tk_BE"", ""France"": ""LH2_Tk_FRW"", ""Germany"": ""LH2_Tk_DEbp"", ""Italy"": ""LH2_Tk_ITa"", ""Netherlands"": ""LH2_Tk_NL"", ""Poland"": ""LH2_Tk_PLN""}",2040_PCIPMI_0.25,61126.80983720829,69608.00762531867,12.184227185128481
optimistic_selection,3,"{""Belgium"": ""LH2_Tk_BE"", ""France"": ""LH2_Tk_FRW"", ""Germany"": ""LH2_Tk_DEbp"", ""Italy"": ""LH2_Tk_ITa"", ""Netherlands"": ""LH2_Tk_NL"", ""Poland"": ""LH2_Tk_PLN""}",2040_PCIPMI_0.5,82720.83352832975,94198.15014634938,12.18422718512846
optimistic_selection,3,"{""Belgium"": ""LH2_Tk_BE"", ""France"": ""LH2_Tk_FRW"", ""Germany"": ""LH2_Tk_DEbp"", ""Italy"": ""LH2_Tk_ITa"", ""Netherlands"": ""LH2_Tk_NL"", ""Poland"": ""LH2_Tk_PLN""}",2040_PCIPMI_0.75,90202.24538640048,102717.58989875318,12.184227185128515
optimistic_selection,3,"{""Belgium"": ""LH2_Tk_BE"", ""France"": ""LH2_Tk_FRW"", ""Germany"": ""LH2_Tk_DEbp"", ""Italy"": ""LH2_Tk_ITa"", ""Netherlands"": ""LH2_Tk_NL"", ""Poland"": ""LH2_Tk_PLN""}",2040_Advanced_0.25,64100.144185801364,69608.00762531867,7.912686524752532
optimistic_selection,3,"{""Belgium"": ""LH2_Tk_BE"", ""France"": ""LH2_Tk_FRW"", ""Germany"": ""LH2_Tk_DEbp"", ""Italy"": ""LH2_Tk_ITa"", ""Netherlands"": ""LH2_Tk_NL"", ""Poland"": ""LH2_Tk_PLN""}",2040_Advanced_0.5,86744.54581315305,94198.15014634938,7.912686524752521
optimistic_selection,3,"{""Belgium"": ""LH2_Tk_BE"", ""France"": ""LH2_Tk_FRW"", ""Germany"": ""LH2_Tk_DEbp"", ""Italy"": ""LH2_Tk_ITa"", ""Netherlands"": ""LH2_Tk_NL"", ""Poland"": ""LH2_Tk_PLN""}",2040_Advanced_0.75,94589.86900428394,102717.58989875318,7.912686524752555
optimistic_selection,4,"{""Belgium"": ""LH2_Tk_BE"", ""France"": ""LH2_Tk_FRn"", ""Germany"": ""LH2_Tk_DE"", ""Italy"": ""LH2_Tk_ITa"", ""Netherlands"": ""LH2_Tk_NL"", ""Poland"": ""LH2_Tk_PLN""}",2030_PCIPMI_0.25,41853.0233591574,48935.690671254204,14.473418510995506
optimistic_selection,4,"{""Belgium"": ""LH2_Tk_BE"", ""France"": ""LH2_Tk_FRn"", ""Germany"": ""LH2_Tk_DE"", ""Italy"": ""LH2_Tk_ITa"", ""Netherlands"": ""LH2_Tk_NL"", ""Poland"": ""LH2_Tk_PLN""}",2030_PCIPMI_0.5,45954.944357826986,53731.76801616355,14.473418510995483
optimistic_selection,4,"{""Belgium"": ""LH2_Tk_BE"", ""France"": ""LH2_Tk_FRn"", ""Germany"": ""LH2_Tk_DE"", ""Italy"": ""LH2_Tk_ITa"", ""Netherlands"": ""LH2_Tk_NL"", ""Poland"": ""LH2_Tk_PLN""}",2030_PCIPMI_0.75,62236.030566322246,72768.05582872905,14.473418510995483
optimistic_selection,4,"{""Belgium"": ""LH2_Tk_BE"", ""France"": ""LH2_Tk_FRn"", ""Germany"": ""LH2_Tk_DE"", ""Italy"": ""LH2_Tk_ITa"", ""Netherlands"": ""LH2_Tk_NL"", ""Poland"": ""LH2_Tk_PLN""}",2030_Advanced_0.25,45063.56286971528,48935.690671254204,7.912686524752555
optimistic_selection,4,"{""Belgium"": ""LH2_Tk_BE"", ""France"": ""LH2_Tk_FRn"", ""Germany"": ""LH2_Tk_DE"", ""Italy"": ""LH2_Tk_ITa"", ""Netherlands"": ""LH2_Tk_NL"", ""Poland"": ""LH2_Tk_PLN""}",2030_Advanced_0.5,49480.14164883728,53731.76801616355,7.9126865247525435
optimistic_selection,4,"{""Belgium"": ""LH2_Tk_BE"", ""France"": ""LH2_Tk_FRn"", ""Germany"": ""LH2_Tk_DE"", ""Italy"": ""LH2_Tk_ITa"", ""Netherlands"": ""LH2_Tk_NL"", ""Poland"": ""LH2_Tk_PLN""}",2030_Advanced_0.75,67010.1476808448,72768.05582872905,7.912686524752532
optimistic_selection,4,"{""Belgium"": ""LH2_Tk_BE"", ""France"": ""LH2_Tk_FRn"", ""Germany"": ""LH2_Tk_DE"", ""Italy"": ""LH2_Tk_ITa"", ""Netherlands"": ""LH2_Tk_NL"", ""Poland"": ""LH2_Tk_PLN""}",2040_PCIPMI_0.25,61126.80983720829,69608.00762531867,12.184227185128481
optimistic_selection,4,"{""Belgium"": ""LH2_Tk_BE"", ""France"": ""LH2_Tk_FRn"", ""Germany"": ""LH2_Tk_DE"", ""Italy"": ""LH2_Tk_ITa"", ""Netherlands"": ""LH2_Tk_NL"", ""Poland"": ""LH2_Tk_PLN""}",2040_PCIPMI_0.5,82720.83352832975,94198.15014634938,12.18422718512846
optimistic_selection,4,"{""Belgium"": ""LH2_Tk_BE"", ""France"": ""LH2_Tk_FRn"", ""Germany"": ""LH2_Tk_DE"", ""Italy"": ""LH2_Tk_ITa"", ""Netherlands"": ""LH2_Tk_NL"", ""Poland"": ""LH2_Tk_PLN""}",2040_PCIPMI_0.75,90202.2453864005,102717.58989875318,12.184227185128504
optimistic_selection,4,"{""Belgium"": ""LH2_Tk_BE"", ""France"": ""LH2_Tk_FRn"", ""Germany"": ""LH2_Tk_DE"", ""Italy"": ""LH2_Tk_ITa"", ""Netherlands"": ""LH2_Tk_NL"", ""Poland"": ""LH2_Tk_PLN""}",2040_Advanced_0.25,64100.144185801364,69608.00762531867,7.912686524752532
optimistic_selection,4,"{""Belgium"": ""LH2_Tk_BE"", ""France"": ""LH2_Tk_FRn"", ""Germany"": ""LH2_Tk_DE"", ""Italy"": ""LH2_Tk_ITa"", ""Netherlands"": ""LH2_Tk_NL"", ""Poland"": ""LH2_Tk_PLN""}",2040_Advanced_0.5,86744.54581315303,94198.15014634938,7.912686524752532
optimistic_selection,4,"{""Belgium"": ""LH2_Tk_BE"", ""France"": ""LH2_Tk_FRn"", ""Germany"": ""LH2_Tk_DE"", ""Italy"": ""LH2_Tk_ITa"", ""Netherlands"": ""LH2_Tk_NL"", ""Poland"": ""LH2_Tk_PLN""}",2040_Advanced_0.75,94589.86900428394,102717.58989875318,7.912686524752555
optimistic_selection,5,"{""Belgium"": ""LH2_Tk_BE"", ""France"": ""LH2_Tk_FRn"", ""Germany"": ""LH2_Tk_DEbp"", ""Italy"": ""LH2_Tk_ITa"", ""Netherlands"": ""LH2_Tk_NL"", ""Poland"": ""LH2_Tk_PLN""}",2030_PCIPMI_0.25,41853.02335915741,48935.690671254204,14.473418510995483
optimistic_selection,5,"{""Belgium"": ""LH2_Tk_BE"", ""France"": ""LH2_Tk_FRn"", ""Germany"": ""LH2_Tk_DEbp"", ""Italy"": ""LH2_Tk_ITa"", ""Netherlands"": ""LH2_Tk_NL"", ""Poland"": ""LH2_Tk_PLN""}",2030_PCIPMI_0.5,45954.94435782697,53731.76801616355,14.473418510995506
optimistic_selection,5,"{""Belgium"": ""LH2_Tk_BE"", ""France"": ""LH2_Tk_FRn"", ""Germany"": ""LH2_Tk_DEbp"", ""Italy"": ""LH2_Tk_ITa"", ""Netherlands"": ""LH2_Tk_NL"", ""Poland"": ""LH2_Tk_PLN""}",2030_PCIPMI_0.75,54786.5,72768.05582872905,24.71078225732929
optimistic_selection,5,"{""Belgium"": ""LH2_Tk_BE"", ""France"": ""LH2_Tk_FRn"", ""Germany"": ""LH2_Tk_DEbp"", ""Italy"": ""LH2_Tk_ITa"", ""Netherlands"": ""LH2_Tk_NL"", ""Poland"": ""LH2_Tk_PLN""}",2030_Advanced_0.25,45063.562869715286,48935.690671254204,7.9126865247525435
optimistic_selection,5,"{""Belgium"": ""LH2_Tk_BE"", ""France"": ""LH2_Tk_FRn"", ""Germany"": ""LH2_Tk_DEbp"", ""Italy"": ""LH2_Tk_ITa"", ""Netherlands"": ""LH2_Tk_NL"", ""Poland"": ""LH2_Tk_PLN""}",2030_Advanced_0.5,49480.14164883726,53731.76801616355,7.912686524752576
optimistic_selection,5,"{""Belgium"": ""LH2_Tk_BE"", ""France"": ""LH2_Tk_FRn"", ""Germany"": ""LH2_Tk_DEbp"", ""Italy"": ""LH2_Tk_ITa"", ""Netherlands"": ""LH2_Tk_NL"", ""Poland"": ""LH2_Tk_PLN""}",2030_Advanced_0.75,67010.1476808448,72768.05582872905,7.912686524752532
optimistic_selection,5,"{""Belgium"": ""LH2_Tk_BE"", ""France"": ""LH2_Tk_FRn"", ""Germany"": ""LH2_Tk_DEbp"", ""Italy"": ""LH2_Tk_ITa"", ""Netherlands"": ""LH2_Tk_NL"", ""Poland"": ""LH2_Tk_PLN""}",2040_PCIPMI_0.25,61126.80983720829,69608.00762531867,12.184227185128481
optimistic_selection,5,"{""Belgium"": ""LH2_Tk_BE"", ""France"": ""LH2_Tk_FRn"", ""Germany"": ""LH2_Tk_DEbp"", ""Italy"": ""LH2_Tk_ITa"", ""Netherlands"": ""LH2_Tk_NL"", ""Poland"": ""LH2_Tk_PLN""}",2040_PCIPMI_0.5,82720.83352832975,94198.15014634938,12.18422718512846
optimistic_selection,5,"{""Belgium"": ""LH2_Tk_BE"", ""France"": ""LH2_Tk_FRn"", ""Germany"": ""LH2_Tk_DEbp"", ""Italy"": ""LH2_Tk_ITa"", ""Netherlands"": ""LH2_Tk_NL"", ""Poland"": ""LH2_Tk_PLN""}",2040_PCIPMI_0.75,90202.24538640048,102717.58989875318,12.184227185128515
optimistic_selection,5,"{""Belgium"": ""LH2_Tk_BE"", ""France"": ""LH2_Tk_FRn"", ""Germany"": ""LH2_Tk_DEbp"", ""Italy"": ""LH2_Tk_ITa"", ""Netherlands"": ""LH2_Tk_NL"", ""Poland"": ""LH2_Tk_PLN""}",2040_Advanced_0.25,64100.144185801364,69608.00762531867,7.912686524752532
optimistic_selection,5,"{""Belgium"": ""LH2_Tk_BE"", ""France"": ""LH2_Tk_FRn"", ""Germany"": ""LH2_Tk_DEbp"", ""Italy"": ""LH2_Tk_ITa"", ""Netherlands"": ""LH2_Tk_NL"", ""Poland"": ""LH2_Tk_PLN""}",2040_Advanced_0.5,86744.54581315305,94198.15014634938,7.912686524752521
optimistic_selection,5,"{""Belgium"": ""LH2_Tk_BE"", ""France"": ""LH2_Tk_FRn"", ""Germany"": ""LH2_Tk_DEbp"", ""Italy"": ""LH2_Tk_ITa"", ""Netherlands"": ""LH2_Tk_NL"", ""Poland"": ""LH2_Tk_PLN""}",2040_Advanced_0.75,94589.86900428394,102717.58989875318,7.912686524752555
mapping_robust_selection,0,"{""Belgium"": ""LH2_Tk_BE"", ""France"": ""LH2_Tk_FRSW"", ""Germany"": ""LH2_Tk_DE"", ""Italy"": ""LH2_Tk_ITa"", ""Netherlands"": ""LH2_Tk_NL"", ""Poland"": ""LH2_Tk_PLN""}",2030_PCIPMI_0.25,41853.0233591574,48935.690671254204,14.473418510995506
mapping_robust_selection,0,"{""Belgium"": ""LH2_Tk_BE"", ""France"": ""LH2_Tk_FRSW"", ""Germany"": ""LH2_Tk_DE"", ""Italy"": ""LH2_Tk_ITa"", ""Netherlands"": ""LH2_Tk_NL"", ""Poland"": ""LH2_Tk_PLN""}",2030_PCIPMI_0.5,45954.944357826986,53731.76801616355,14.473418510995483
mapping_robust_selection,0,"{""Belgium"": ""LH2_Tk_BE"", ""France"": ""LH2_Tk_FRSW"", ""Germany"": ""LH2_Tk_DE"", ""Italy"": ""LH2_Tk_ITa"", ""Netherlands"": ""LH2_Tk_NL"", ""Poland"": ""LH2_Tk_PLN""}",2030_PCIPMI_0.75,62236.030566322246,72768.05582872905,14.473418510995483
mapping_robust_selection,0,"{""Belgium"": ""LH2_Tk_BE"", ""France"": ""LH2_Tk_FRSW"", ""Germany"": ""LH2_Tk_DE"", ""Italy"": ""LH2_Tk_ITa"", ""Netherlands"": ""LH2_Tk_NL"", ""Poland"": ""LH2_Tk_PLN""}",2030_Advanced_0.25,45063.56286971528,48935.690671254204,7.912686524752555
mapping_robust_selection,0,"{""Belgium"": ""LH2_Tk_BE"", ""France"": ""LH2_Tk_FRSW"", ""Germany"": ""LH2_Tk_DE"", ""Italy"": ""LH2_Tk_ITa"", ""Netherlands"": ""LH2_Tk_NL"", ""Poland"": ""LH2_Tk_PLN""}",2030_Advanced_0.5,49480.14164883728,53731.76801616355,7.9126865247525435
mapping_robust_selection,0,"{""Belgium"": ""LH2_Tk_BE"", ""France"": ""LH2_Tk_FRSW"", ""Germany"": ""LH2_Tk_DE"", ""Italy"": ""LH2_Tk_ITa"", ""Netherlands"": ""LH2_Tk_NL"", ""Poland"": ""LH2_Tk_PLN""}",2030_Advanced_0.75,67010.1476808448,72768.05582872905,7.912686524752532
mapping_robust_selection,0,"{""Belgium"": ""LH2_Tk_BE"", ""France"": ""LH2_Tk_FRSW"", ""Germany"": ""LH2_Tk_DE"", ""Italy"": ""LH2_Tk_ITa"", ""Netherlands"": ""LH2_Tk_NL"", ""Poland"": ""LH2_Tk_PLN""}",2040_PCIPMI_0.25,61126.80983720829,69608.00762531867,12.184227185128481
mapping_robust_selection,0,"{""Belgium"": ""LH2_Tk_BE"", ""France"": ""LH2_Tk_FRSW"", ""Germany"": ""LH2_Tk_DE"", ""Italy"": ""LH2_Tk_ITa"", ""Netherlands"": ""LH2_Tk_NL"", ""Poland"": ""LH2_Tk_PLN""}",2040_PCIPMI_0.5,82720.83352832975,94198.15014634938,12.18422718512846
mapping_robust_selection,0,"{""Belgium"": ""LH2_Tk_BE"", ""France"": ""LH2_Tk_FRSW"", ""Germany"": ""LH2_Tk_DE"", ""Italy"": ""LH2_Tk_ITa"", ""Netherlands"": ""LH2_Tk_NL"", ""Poland"": ""LH2_Tk_PLN""}",2040_PCIPMI_0.75,90202.2453864005,102717.58989875318,12.184227185128504
mapping_robust_selection,0,"{""Belgium"": ""LH2_Tk_BE"", ""France"": ""LH2_Tk_FRSW"", ""Germany"": ""LH2_Tk_DE"", ""Italy"": ""LH2_Tk_ITa"", ""Netherlands"": ""LH2_Tk_NL"", ""Poland"": ""LH2_Tk_PLN""}",2040_Advanced_0.25,64100.144185801364,69608.00762531867,7.912686524752532
mapping_robust_selection,0,"{""Belgium"": ""LH2_Tk_BE"", ""France"": ""LH2_Tk_FRSW"", ""Germany"": ""LH2_Tk_DE"", ""Italy"": ""LH2_Tk_ITa"", ""Netherlands"": ""LH2_Tk_NL"", ""Poland"": ""LH2_Tk_PLN""}",2040_Advanced_0.5,86744.54581315303,94198.15014634938,7.912686524752532
mapping_robust_selection,0,"{""Belgium"": ""LH2_Tk_BE"", ""France"": ""LH2_Tk_FRSW"", ""Germany"": ""LH2_Tk_DE"", ""Italy"": ""LH2_Tk_ITa"", ""Netherlands"": ""LH2_Tk_NL"", ""Poland"": ""LH2_Tk_PLN""}",2040_Advanced_0.75,94589.86900428394,102717.58989875318,7.912686524752555
mapping_robust_selection,1,"{""Belgium"": ""LH2_Tk_BE"", ""France"": ""LH2_Tk_FRSW"", ""Germany"": ""LH2_Tk_DEbp"", ""Italy"": ""LH2_Tk_ITa"", ""Netherlands"": ""LH2_Tk_NL"", ""Poland"": ""LH2_Tk_PLN""}",2030_PCIPMI_0.25,41853.02335915741,48935.690671254204,14.473418510995483
mapping_robust_selection,1,"{""Belgium"": ""LH2_Tk_BE"", ""France"": ""LH2_Tk_FRSW"", ""Germany"": ""LH2_Tk_DEbp"", ""Italy"": ""LH2_Tk_ITa"", ""Netherlands"": ""LH2_Tk_NL"", ""Poland"": ""LH2_Tk_PLN""}",2030_PCIPMI_0.5,45954.94435782698,53731.76801616355,14.473418510995495
mapping_robust_selection,1,"{""Belgium"": ""LH2_Tk_BE"", ""France"": ""LH2_Tk_FRSW"", ""Germany"": ""LH2_Tk_DEbp"", ""Italy"": ""LH2_Tk_ITa"", ""Netherlands"": ""LH2_Tk_NL"", ""Poland"": ""LH2_Tk_PLN""}",2030_PCIPMI_0.75,59531.50000000001,72768.05582872905,18.19006386522588
mapping_robust_selection,1,"{""Belgium"": ""LH2_Tk_BE"", ""France"": ""LH2_Tk_FRSW"", ""Germany"": ""LH2_Tk_DEbp"", ""Italy"": ""LH2_Tk_ITa"", ""Netherlands"": ""LH2_Tk_NL"", ""Poland"": ""LH2_Tk_PLN""}",2030_Advanced_0.25,45063.562869715286,48935.690671254204,7.9126865247525435
mapping_robust_selection,1,"{""Belgium"": ""LH2_Tk_BE"", ""France"": ""LH2_Tk_FRSW"", ""Germany"": ""LH2_Tk_DEbp"", ""Italy"": ""LH2_Tk_ITa"", ""Netherlands"": ""LH2_Tk_NL"", ""Poland"": ""LH2_Tk_PLN""}",2030_Advanced_0.5,49480.14164883727,53731.76801616355,7.912686524752566
mapping_robust_selection,1,"{""Belgium"": ""LH2_Tk_BE"", ""France"": ""LH2_Tk_FRSW"", ""Germany"": ""LH2_Tk_DEbp"", ""Italy"": ""LH2_Tk_ITa"", ""Netherlands"": ""LH2_Tk_NL"", ""Poland"": ""LH2_Tk_PLN""}",2030_Advanced_0.75,67010.1476808448,72768.05582872905,7.912686524752532
mapping_robust_selection,1,"{""Belgium"": ""LH2_Tk_BE"", ""France"": ""LH2_Tk_FRSW"", ""Germany"": ""LH2_Tk_DEbp"", ""Italy"": ""LH2_Tk_ITa"", ""Netherlands"": ""LH2_Tk_NL"", ""Poland"": ""LH2_Tk_PLN""}",2040_PCIPMI_0.25,61126.80983720829,69608.00762531867,12.184227185128481
mapping_robust_selection,1,"{""Belgium"": ""LH2_Tk_BE"", ""France"": ""LH2_Tk_FRSW"", ""Germany"": ""LH2_Tk_DEbp"", ""Italy"": ""LH2_Tk_ITa"", ""Netherlands"": ""LH2_Tk_NL"", ""Poland"": ""LH2_Tk_PLN""}",2040_PCIPMI_0.5,82720.83352832975,94198.15014634938,12.18422718512846
mapping_robust_selection,1,"{""Belgium"": ""LH2_Tk_BE"", ""France"": ""LH2_Tk_FRSW"", ""Germany"": ""LH2_Tk_DEbp"", ""Italy"": ""LH2_Tk_ITa"", ""Netherlands"": ""LH2_Tk_NL"", ""Poland"": ""LH2_Tk_PLN""}",2040_PCIPMI_0.75,90202.24538640048,102717.58989875318,12.184227185128515
mapping_robust_selection,1,"{""Belgium"": ""LH2_Tk_BE"", ""France"": ""LH2_Tk_FRSW"", ""Germany"": ""LH2_Tk_DEbp"", ""Italy"": ""LH2_Tk_ITa"", ""Netherlands"": ""LH2_Tk_NL"", ""Poland"": ""LH2_Tk_PLN""}",2040_Advanced_0.25,64100.144185801364,69608.00762531867,7.912686524752532
mapping_robust_selection,1,"{""Belgium"": ""LH2_Tk_BE"", ""France"": ""LH2_Tk_FRSW"", ""Germany"": ""LH2_Tk_DEbp"", ""Italy"": ""LH2_Tk_ITa"", ""Netherlands"": ""LH2_Tk_NL"", ""Poland"": ""LH2_Tk_PLN""}",2040_Advanced_0.5,86744.54581315305,94198.15014634938,7.912686524752521
mapping_robust_selection,1,"{""Belgium"": ""LH2_Tk_BE"", ""France"": ""LH2_Tk_FRSW"", ""Germany"": ""LH2_Tk_DEbp"", ""Italy"": ""LH2_Tk_ITa"", ""Netherlands"": ""LH2_Tk_NL"", ""Poland"": ""LH2_Tk_PLN""}",2040_Advanced_0.75,94589.86900428394,102717.58989875318,7.912686524752555
mapping_robust_selection,2,"{""Belgium"": ""LH2_Tk_BE"", ""France"": ""LH2_Tk_FRW"", ""Germany"": ""LH2_Tk_DE"", ""Italy"": ""LH2_Tk_ITa"", ""Netherlands"": ""LH2_Tk_NL"", ""Poland"": ""LH2_Tk_PLN""}",2030_PCIPMI_0.25,41853.0233591574,48935.690671254204,14.473418510995506
mapping_robust_selection,2,"{""Belgium"": ""LH2_Tk_BE"", ""France"": ""LH2_Tk_FRW"", ""Germany"": ""LH2_Tk_DE"", ""Italy"": ""LH2_Tk_ITa"", ""Netherlands"": ""LH2_Tk_NL"", ""Poland"": ""LH2_Tk_PLN""}",2030_PCIPMI_0.5,45954.944357826986,53731.76801616355,14.473418510995483
mapping_robust_selection,2,"{""Belgium"": ""LH2_Tk_BE"", ""France"": ""LH2_Tk_FRW"", ""Germany"": ""LH2_Tk_DE"", ""Italy"": ""LH2_Tk_ITa"", ""Netherlands"": ""LH2_Tk_NL"", ""Poland"": ""LH2_Tk_PLN""}",2030_PCIPMI_0.75,62236.030566322246,72768.05582872905,14.473418510995483
mapping_robust_selection,2,"{""Belgium"": ""LH2_Tk_BE"", ""France"": ""LH2_Tk_FRW"", ""Germany"": ""LH2_Tk_DE"", ""Italy"": ""LH2_Tk_ITa"", ""Netherlands"": ""LH2_Tk_NL"", ""Poland"": ""LH2_Tk_PLN""}",2030_Advanced_0.25,45063.56286971528,48935.690671254204,7.912686524752555
mapping_robust_selection,2,"{""Belgium"": ""LH2_Tk_BE"", ""France"": ""LH2_Tk_FRW"", ""Germany"": ""LH2_Tk_DE"", ""Italy"": ""LH2_Tk_ITa"", ""Netherlands"": ""LH2_Tk_NL"", ""Poland"": ""LH2_Tk_PLN""}",2030_Advanced_0.5,49480.14164883728,53731.76801616355,7.9126865247525435
mapping_robust_selection,2,"{""Belgium"": ""LH2_Tk_BE"", ""France"": ""LH2_Tk_FRW"", ""Germany"": ""LH2_Tk_DE"", ""Italy"": ""LH2_Tk_ITa"", ""Netherlands"": ""LH2_Tk_NL"", ""Poland"": ""LH2_Tk_PLN""}",2030_Advanced_0.75,67010.1476808448,72768.05582872905,7.912686524752532
mapping_robust_selection,2,"{""Belgium"": ""LH2_Tk_BE"", ""France"": ""LH2_Tk_FRW"", ""Germany"": ""LH2_Tk_DE"", ""Italy"": ""LH2_Tk_ITa"", ""Netherlands"": ""LH2_Tk_NL"", ""Poland"": ""LH2_Tk_PLN""}",2040_PCIPMI_0.25,61126.80983720829,69608.00762531867,12.184227185128481
mapping_robust_selection,2,"{""Belgium"": ""LH2_Tk_BE"", ""France"": ""LH2_Tk_FRW"", ""Germany"": ""LH2_Tk_DE"", ""Italy"": ""LH2_Tk_ITa"", ""Netherlands"": ""LH2_Tk_NL"", ""Poland"": ""LH2_Tk_PLN""}",2040_PCIPMI_0.5,82720.83352832975,94198.15014634938,12.18422718512846
mapping_robust_selection,2,"{""Belgium"": ""LH2_Tk_BE"", ""France"": ""LH2_Tk_FRW"", ""Germany"": ""LH2_Tk_DE"", ""Italy"": ""LH2_Tk_ITa"", ""Netherlands"": ""LH2_Tk_NL"", ""Poland"": ""LH2_Tk_PLN""}",2040_PCIPMI_0.75,90202.2453864005,102717.58989875318,12.184227185128504
mapping_robust_selection,2,"{""Belgium"": ""LH2_Tk_BE"", ""France"": ""LH2_Tk_FRW"", ""Germany"": ""LH2_Tk_DE"", ""Italy"": ""LH2_Tk_ITa"", ""Netherlands"": ""LH2_Tk_NL"", ""Poland"": ""LH2_Tk_PLN""}",2040_Advanced_0.25,64100.144185801364,69608.00762531867,7.912686524752532
mapping_robust_selection,2,"{""Belgium"": ""LH2_Tk_BE"", ""France"": ""LH2_Tk_FRW"", ""Germany"": ""LH2_Tk_DE"", ""Italy"": ""LH2_Tk_ITa"", ""Netherlands"": ""LH2_Tk_NL"", ""Poland"": ""LH2_Tk_PLN""}",2040_Advanced_0.5,86744.54581315303,94198.15014634938,7.912686524752532
mapping_robust_selection,2,"{""Belgium"": ""LH2_Tk_BE"", ""France"": ""LH2_Tk_FRW"", ""Germany"": ""LH2_Tk_DE"", ""Italy"": ""LH2_Tk_ITa"", ""Netherlands"": ""LH2_Tk_NL"", ""Poland"": ""LH2_Tk_PLN""}",2040_Advanced_0.75,94589.86900428394,102717.58989875318,7.912686524752555
mapping_robust_selection,3,"{""Belgium"": ""LH2_Tk_BE"", ""France"": ""LH2_Tk_FRW"", ""Germany"": ""LH2_Tk_DEbp"", ""Italy"": ""LH2_Tk_ITa"", ""Netherlands"": ""LH2_Tk_NL"", ""Poland"": ""LH2_Tk_PLN""}",2030_PCIPMI_0.25,41853.02335915741,48935.690671254204,14.473418510995483
mapping_robust_selection,3,"{""Belgium"": ""LH2_Tk_BE"", ""France"": ""LH2_Tk_FRW"", ""Germany"": ""LH2_Tk_DEbp"", ""Italy"": ""LH2_Tk_ITa"", ""Netherlands"": ""LH2_Tk_NL"", ""Poland"": ""LH2_Tk_PLN""}",2030_PCIPMI_0.5,45954.94435782698,53731.76801616355,14.473418510995495
mapping_robust_selection,3,"{""Belgium"": ""LH2_Tk_BE"", ""France"": ""LH2_Tk_FRW"", ""Germany"": ""LH2_Tk_DEbp"", ""Italy"": ""LH2_Tk_ITa"", ""Netherlands"": ""LH2_Tk_NL"", ""Poland"": ""LH2_Tk_PLN""}",2030_PCIPMI_0.75,59531.50000000001,72768.05582872905,18.19006386522588
mapping_robust_selection,3,"{""Belgium"": ""LH2_Tk_BE"", ""France"": ""LH2_Tk_FRW"", ""Germany"": ""LH2_Tk_DEbp"", ""Italy"": ""LH2_Tk_ITa"", ""Netherlands"": ""LH2_Tk_NL"", ""Poland"": ""LH2_Tk_PLN""}",2030_Advanced_0.25,45063.562869715286,48935.690671254204,7.9126865247525435
mapping_robust_selection,3,"{""Belgium"": ""LH2_Tk_BE"", ""France"": ""LH2_Tk_FRW"", ""Germany"": ""LH2_Tk_DEbp"", ""Italy"": ""LH2_Tk_ITa"", ""Netherlands"": ""LH2_Tk_NL"", ""Poland"": ""LH2_Tk_PLN""}",2030_Advanced_0.5,49480.14164883727,53731.76801616355,7.912686524752566
mapping_robust_selection,3,"{""Belgium"": ""LH2_Tk_BE"", ""France"": ""LH2_Tk_FRW"", ""Germany"": ""LH2_Tk_DEbp"", ""Italy"": ""LH2_Tk_ITa"", ""Netherlands"": ""LH2_Tk_NL"", ""Poland"": ""LH2_Tk_PLN""}",2030_Advanced_0.75,67010.1476808448,72768.05582872905,7.912686524752532
mapping_robust_selection,3,"{""Belgium"": ""LH2_Tk_BE"", ""France"": ""LH2_Tk_FRW"", ""Germany"": ""LH2_Tk_DEbp"", ""Italy"": ""LH2_Tk_ITa"", ""Netherlands"": ""LH2_Tk_NL"", ""Poland"": ""LH2_Tk_PLN""}",2040_PCIPMI_0.25,61126.80983720829,69608.00762531867,12.184227185128481
mapping_robust_selection,3,"{""Belgium"": ""LH2_Tk_BE"", ""France"": ""LH2_Tk_FRW"", ""Germany"": ""LH2_Tk_DEbp"", ""Italy"": ""LH2_Tk_ITa"", ""Netherlands"": ""LH2_Tk_NL"", ""Poland"": ""LH2_Tk_PLN""}",2040_PCIPMI_0.5,82720.83352832975,94198.15014634938,12.18422718512846
mapping_robust_selection,3,"{""Belgium"": ""LH2_Tk_BE"", ""France"": ""LH2_Tk_FRW"", ""Germany"": ""LH2_Tk_DEbp"", ""Italy"": ""LH2_Tk_ITa"", ""Netherlands"": ""LH2_Tk_NL"", ""Poland"": ""LH2_Tk_PLN""}",2040_PCIPMI_0.75,90202.24538640048,102717.58989875318,12.184227185128515
mapping_robust_selection,3,"{""Belgium"": ""LH2_Tk_BE"", ""France"": ""LH2_Tk_FRW"", ""Germany"": ""LH2_Tk_DEbp"", ""Italy"": ""LH2_Tk_ITa"", ""Netherlands"": ""LH2_Tk_NL"", ""Poland"": ""LH2_Tk_PLN""}",2040_Advanced_0.25,64100.144185801364,69608.00762531867,7.912686524752532
mapping_robust_selection,3,"{""Belgium"": ""LH2_Tk_BE"", ""France"": ""LH2_Tk_FRW"", ""Germany"": ""LH2_Tk_DEbp"", ""Italy"": ""LH2_Tk_ITa"", ""Netherlands"": ""LH2_Tk_NL"", ""Poland"": ""LH2_Tk_PLN""}",2040_Advanced_0.5,86744.54581315305,94198.15014634938,7.912686524752521
mapping_robust_selection,3,"{""Belgium"": ""LH2_Tk_BE"", ""France"": ""LH2_Tk_FRW"", ""Germany"": ""LH2_Tk_DEbp"", ""Italy"": ""LH2_Tk_ITa"", ""Netherlands"": ""LH2_Tk_NL"", ""Poland"": ""LH2_Tk_PLN""}",2040_Advanced_0.75,94589.86900428394,102717.58989875318,7.912686524752555
mapping_robust_selection,4,"{""Belgium"": ""LH2_Tk_BE"", ""France"": ""LH2_Tk_FRn"", ""Germany"": ""LH2_Tk_DE"", ""Italy"": ""LH2_Tk_ITa"", ""Netherlands"": ""LH2_Tk_NL"", ""Poland"": ""LH2_Tk_PLN""}",2030_PCIPMI_0.25,41853.0233591574,48935.690671254204,14.473418510995506
mapping_robust_selection,4,"{""Belgium"": ""LH2_Tk_BE"", ""France"": ""LH2_Tk_FRn"", ""Germany"": ""LH2_Tk_DE"", ""Italy"": ""LH2_Tk_ITa"", ""Netherlands"": ""LH2_Tk_NL"", ""Poland"": ""LH2_Tk_PLN""}",2030_PCIPMI_0.5,45954.944357826986,53731.76801616355,14.473418510995483
mapping_robust_selection,4,"{""Belgium"": ""LH2_Tk_BE"", ""France"": ""LH2_Tk_FRn"", ""Germany"": ""LH2_Tk_DE"", ""Italy"": ""LH2_Tk_ITa"", ""Netherlands"": ""LH2_Tk_NL"", ""Poland"": ""LH2_Tk_PLN""}",2030_PCIPMI_0.75,62236.030566322246,72768.05582872905,14.473418510995483
mapping_robust_selection,4,"{""Belgium"": ""LH2_Tk_BE"", ""France"": ""LH2_Tk_FRn"", ""Germany"": ""LH2_Tk_DE"", ""Italy"": ""LH2_Tk_ITa"", ""Netherlands"": ""LH2_Tk_NL"", ""Poland"": ""LH2_Tk_PLN""}",2030_Advanced_0.25,45063.56286971528,48935.690671254204,7.912686524752555
mapping_robust_selection,4,"{""Belgium"": ""LH2_Tk_BE"", ""France"": ""LH2_Tk_FRn"", ""Germany"": ""LH2_Tk_DE"", ""Italy"": ""LH2_Tk_ITa"", ""Netherlands"": ""LH2_Tk_NL"", ""Poland"": ""LH2_Tk_PLN""}",2030_Advanced_0.5,49480.14164883728,53731.76801616355,7.9126865247525435
mapping_robust_selection,4,"{""Belgium"": ""LH2_Tk_BE"", ""France"": ""LH2_Tk_FRn"", ""Germany"": ""LH2_Tk_DE"", ""Italy"": ""LH2_Tk_ITa"", ""Netherlands"": ""LH2_Tk_NL"", ""Poland"": ""LH2_Tk_PLN""}",2030_Advanced_0.75,67010.1476808448,72768.05582872905,7.912686524752532
mapping_robust_selection,4,"{""Belgium"": ""LH2_Tk_BE"", ""France"": ""LH2_Tk_FRn"", ""Germany"": ""LH2_Tk_DE"", ""Italy"": ""LH2_Tk_ITa"", ""Netherlands"": ""LH2_Tk_NL"", ""Poland"": ""LH2_Tk_PLN""}",2040_PCIPMI_0.25,61126.80983720829,69608.00762531867,12.184227185128481
mapping_robust_selection,4,"{""Belgium"": ""LH2_Tk_BE"", ""France"": ""LH2_Tk_FRn"", ""Germany"": ""LH2_Tk_DE"", ""Italy"": ""LH2_Tk_ITa"", ""Netherlands"": ""LH2_Tk_NL"", ""Poland"": ""LH2_Tk_PLN""}",2040_PCIPMI_0.5,82720.83352832975,94198.15014634938,12.18422718512846
mapping_robust_selection,4,"{""Belgium"": ""LH2_Tk_BE"", ""France"": ""LH2_Tk_FRn"", ""Germany"": ""LH2_Tk_DE"", ""Italy"": ""LH2_Tk_ITa"", ""Netherlands"": ""LH2_Tk_NL"", ""Poland"": ""LH2_Tk_PLN""}",2040_PCIPMI_0.75,90202.2453864005,102717.58989875318,12.184227185128504
mapping_robust_selection,4,"{""Belgium"": ""LH2_Tk_BE"", ""France"": ""LH2_Tk_FRn"", ""Germany"": ""LH2_Tk_DE"", ""Italy"": ""LH2_Tk_ITa"", ""Netherlands"": ""LH2_Tk_NL"", ""Poland"": ""LH2_Tk_PLN""}",2040_Advanced_0.25,64100.144185801364,69608.00762531867,7.912686524752532
mapping_robust_selection,4,"{""Belgium"": ""LH2_Tk_BE"", ""France"": ""LH2_Tk_FRn"", ""Germany"": ""LH2_Tk_DE"", ""Italy"": ""LH2_Tk_ITa"", ""Netherlands"": ""LH2_Tk_NL"", ""Poland"": ""LH2_Tk_PLN""}",2040_Advanced_0.5,86744.54581315303,94198.15014634938,7.912686524752532
mapping_robust_selection,4,"{""Belgium"": ""LH2_Tk_BE"", ""France"": ""LH2_Tk_FRn"", ""Germany"": ""LH2_Tk_DE"", ""Italy"": ""LH2_Tk_ITa"", ""Netherlands"": ""LH2_Tk_NL"", ""Poland"": ""LH2_Tk_PLN""}",2040_Advanced_0.75,94589.86900428394,102717.58989875318,7.912686524752555
mapping_robust_selection,5,"{""Belgium"": ""LH2_Tk_BE"", ""France"": ""LH2_Tk_FRn"", ""Germany"": ""LH2_Tk_DEbp"", ""Italy"": ""LH2_Tk_ITa"", ""Netherlands"": ""LH2_Tk_NL"", ""Poland"": ""LH2_Tk_PLN""}",2030_PCIPMI_0.25,41853.02335915741,48935.690671254204,14.473418510995483
mapping_robust_selection,5,"{""Belgium"": ""LH2_Tk_BE"", ""France"": ""LH2_Tk_FRn"", ""Germany"": ""LH2_Tk_DEbp"", ""Italy"": ""LH2_Tk_ITa"", ""Netherlands"": ""LH2_Tk_NL"", ""Poland"": ""LH2_Tk_PLN""}",2030_PCIPMI_0.5,45954.94435782698,53731.76801616355,14.473418510995495
mapping_robust_selection,5,"{""Belgium"": ""LH2_Tk_BE"", ""France"": ""LH2_Tk_FRn"", ""Germany"": ""LH2_Tk_DEbp"", ""Italy"": ""LH2_Tk_ITa"", ""Netherlands"": ""LH2_Tk_NL"", ""Poland"": ""LH2_Tk_PLN""}",2030_PCIPMI_0.75,59531.50000000001,72768.05582872905,18.19006386522588
mapping_robust_selection,5,"{""Belgium"": ""LH2_Tk_BE"", ""France"": ""LH2_Tk_FRn"", ""Germany"": ""LH2_Tk_DEbp"", ""Italy"": ""LH2_Tk_ITa"", ""Netherlands"": ""LH2_Tk_NL"", ""Poland"": ""LH2_Tk_PLN""}",2030_Advanced_0.25,45063.562869715286,48935.690671254204,7.9126865247525435
mapping_robust_selection,5,"{""Belgium"": ""LH2_Tk_BE"", ""France"": ""LH2_Tk_FRn"", ""Germany"": ""LH2_Tk_DEbp"", ""Italy"": ""LH2_Tk_ITa"", ""Netherlands"": ""LH2_Tk_NL"", ""Poland"": ""LH2_Tk_PLN""}",2030_Advanced_0.5,49480.14164883727,53731.76801616355,7.912686524752566
mapping_robust_selection,5,"{""Belgium"": ""LH2_Tk_BE"", ""France"": ""LH2_Tk_FRn"", ""Germany"": ""LH2_Tk_DEbp"", ""Italy"": ""LH2_Tk_ITa"", ""Netherlands"": ""LH2_Tk_NL"", ""Poland"": ""LH2_Tk_PLN""}",2030_Advanced_0.75,67010.1476808448,72768.05582872905,7.912686524752532
mapping_robust_selection,5,"{""Belgium"": ""LH2_Tk_BE"", ""France"": ""LH2_Tk_FRn"", ""Germany"": ""LH2_Tk_DEbp"", ""Italy"": ""LH2_Tk_ITa"", ""Netherlands"": ""LH2_Tk_NL"", ""Poland"": ""LH2_Tk_PLN""}",2040_PCIPMI_0.25,61126.80983720829,69608.00762531867,12.184227185128481
mapping_robust_selection,5,"{""Belgium"": ""LH2_Tk_BE"", ""France"": ""LH2_Tk_FRn"", ""Germany"": ""LH2_Tk_DEbp"", ""Italy"": ""LH2_Tk_ITa"", ""Netherlands"": ""LH2_Tk_NL"", ""Poland"": ""LH2_Tk_PLN""}",2040_PCIPMI_0.5,82720.83352832975,94198.15014634938,12.18422718512846
mapping_robust_selection,5,"{""Belgium"": ""LH2_Tk_BE"", ""France"": ""LH2_Tk_FRn"", ""Germany"": ""LH2_Tk_DEbp"", ""Italy"": ""LH2_Tk_ITa"", ""Netherlands"": ""LH2_Tk_NL"", ""Poland"": ""LH2_Tk_PLN""}",2040_PCIPMI_0.75,90202.24538640048,102717.58989875318,12.184227185128515
mapping_robust_selection,5,"{""Belgium"": ""LH2_Tk_BE"", ""France"": ""LH2_Tk_FRn"", ""Germany"": ""LH2_Tk_DEbp"", ""Italy"": ""LH2_Tk_ITa"", ""Netherlands"": ""LH2_Tk_NL"", ""Poland"": ""LH2_Tk_PLN""}",2040_Advanced_0.25,64100.144185801364,69608.00762531867,7.912686524752532
mapping_robust_selection,5,"{""Belgium"": ""LH2_Tk_BE"", ""France"": ""LH2_Tk_FRn"", ""Germany"": ""LH2_Tk_DEbp"", ""Italy"": ""LH2_Tk_ITa"", ""Netherlands"": ""LH2_Tk_NL"", ""Poland"": ""LH2_Tk_PLN""}",2040_Advanced_0.5,86744.54581315305,94198.15014634938,7.912686524752521
mapping_robust_selection,5,"{""Belgium"": ""LH2_Tk_BE"", ""France"": ""LH2_Tk_FRn"", ""Germany"": ""LH2_Tk_DEbp"", ""Italy"": ""LH2_Tk_ITa"", ""Netherlands"": ""LH2_Tk_NL"", ""Poland"": ""LH2_Tk_PLN""}",2040_Advanced_0.75,94589.86900428394,102717.58989875318,7.912686524752555
