budget,selection,optimistic_worst_unmet_pct,mapping_worst_unmet_pct,mapping_best_unmetmet_pct
8,LH2_Tk_BE;LH2_Tk_DE;LH2_Tk_DEbp;LH2_Tk_FRSW;LH2_Tk_FRW;LH2_Tk_FRn;LH2_Tk_ITa;LH2_Tk_NL,14.473418510995506,18.19006386522588,14.473418510995506
9,LH2_Tk_BE;LH2_Tk_DE;LH2_Tk_DEbp;LH2_Tk_FRSW;LH2_Tk_FRW;LH2_Tk_FRn;LH2_Tk_ITa;LH2_Tk_NL;LH2_Tk_PLN,14.473418510995506,18.19006386522588,14.473418510995506
7,LH2_Tk_BE;LH2_Tk_DE;LH2_Tk_DEbp;LH2_Tk_FRSW;LH2_Tk_FRW;LH2_Tk_FRn;LH2_Tk_NL,14.473418510995506,18.19006386522588,14.473418510995506
8,LH2_Tk_BE;LH2_Tk_DE;LH2_Tk_DEbp;LH2_Tk_FRSW;LH2_Tk_FRW;LH2_Tk_FRn;LH2_Tk_NL;LH2_Tk_PLN,14.473418510995506,18.19006386522588,14.473418510995506
7,LH2_Tk_BE;LH2_Tk_DE;LH2_Tk_DEbp;LH2_Tk_FRSW;LH2_Tk_FRW;LH2_Tk_ITa;LH2_Tk_NL,14.473418510995506,18.19006386522588,14.473418510995506
8,LH2_Tk_BE;LH2_Tk_DE;LH2_Tk_DEbp;LH2_Tk_FRSW;LH2_Tk_FRW;LH2_Tk_ITa;LH2_Tk_NL;LH2_Tk_PLN,14.473418510995506,18.19006386522588,14.473418510995506
6,LH2_Tk_BE;LH2_Tk_DE;LH2_Tk_DEbp;LH2_Tk_FRSW;LH2_Tk_FRW;LH2_Tk_NL,14.473418510995506,18.19006386522588,14.473418510995506
7,LH2_Tk_BE;LH2_Tk_DE;LH2_Tk_DEbp;LH2_Tk_FRSW;LH2_Tk_FRW;LH2_Tk_NL;LH2_Tk_PLN,14.473418510995506,18.19006386522588,14.473418510995506
7,LH2_Tk_BE;LH2_Tk_DE;LH2_Tk_DEbp;LH2_Tk_FRSW;LH2_Tk_FRn;LH2_Tk_ITa;LH2_Tk_NL,14.473418510995506,18.19006386522588,14.473418510995506
8,LH2_Tk_BE;LH2_Tk_DE;LH2_Tk_DEbp;LH2_Tk_FRSW;LH2_Tk_FRn;LH2_Tk_ITa;LH2_Tk_NL;LH2_Tk_PLN,14.473418510995506,18.19006386522588,14.473418510995506
6,LH2_Tk_BE;LH2_Tk_DE;LH2_Tk_DEbp;LH2_Tk_FRSW;LH2_Tk_FRn;LH2_Tk_NL,14.473418510995506,18.19006386522588,14.473418510995506
7,LH2_Tk_BE;LH2_Tk_DE;LH2_Tk_DEbp;LH2_Tk_FRSW;LH2_Tk_FRn;LH2_Tk_NL;LH2_Tk_PLN,14.473418510995506,18.19006386522588,14.473418510995506
6,LH2_Tk_BE;LH2_Tk_DE;LH2_Tk_DEbp;LH2_Tk_FRSW;LH2_Tk_ITa;LH2_Tk_NL,14.473418510995506,18.19006386522588,14.473418510995506
7,LH2_Tk_BE;LH2_Tk_DE;LH2_Tk_DEbp;LH2_Tk_FRSW;LH2_Tk_ITa;LH2_Tk_NL;LH2_Tk_PLN,14.473418510995506,18.19006386522588,14.473418510995506
5,LH2_Tk_BE;LH2_Tk_DE;LH2_Tk_DEbp;LH2_Tk_FRSW;LH2_Tk_NL,14.473418510995506,18.19006386522588,14.473418510995506
6,LH2_Tk_BE;LH2_Tk_DE;LH2_Tk_DEbp;LH2_Tk_FRSW;LH2_Tk_NL;LH2_Tk_PLN,14.473418510995506,18.19006386522588,14.473418510995506
7,LH2_Tk_BE;LH2_Tk_DE;LH2_Tk_DEbp;LH2_Tk_FRW;LH2_Tk_FRn;LH2_Tk_ITa;LH2_Tk_NL,14.473418510995506,18.19006386522588,14.473418510995506
8,LH2_Tk_BE;LH2_Tk_DE;LH2_Tk_DEbp;LH2_Tk_FRW;LH2_Tk_FRn;LH2_Tk_ITa;LH2_Tk_NL;LH2_Tk_PLN,14.473418510995506,18.19006386522588,14.473418510995506
6,LH2_Tk_BE;LH2_Tk_DE;LH2_Tk_DEbp;LH2_Tk_FRW;LH2_Tk_FRn;LH2_Tk_NL,14.473418510995506,18.19006386522588,14.473418510995506
7,LH2_Tk_BE;LH2_Tk_DE;LH2_Tk_DEbp;LH2_Tk_FRW;LH2_Tk_FRn;LH2_Tk_NL;LH2_Tk_PLN,14.473418510995506,18.19006386522588,14.473418510995506
6,LH2_Tk_BE;LH2_Tk_DE;LH2_Tk_DEbp;LH2_Tk_FRW;LH2_Tk_ITa;LH2_Tk_NL,14.473418510995506,18.19006386522588,14.473418510995506
7,LH2_Tk_BE;LH2_Tk_DE;LH2_Tk_DEbp;LH2_Tk_FRW;LH2_Tk_ITa;LH2_Tk_NL;LH2_Tk_PLN,14.473418510995506,18.19006386522588,14.473418510995506
5,LH2_Tk_BE;LH2_Tk_DE;LH2_Tk_DEbp;LH2_Tk_FRW;LH2_Tk_NL,14.473418510995506,18.19006386522588,14.473418510995506
6,LH2_Tk_BE;LH2_Tk_DE;LH2_Tk_DEbp;LH2_Tk_FRW;LH2_Tk_NL;LH2_Tk_PLN,14.473418510995506,18.19006386522588,14.473418510995506
6,LH2_Tk_BE;LH2_Tk_DE;LH2_Tk_DEbp;LH2_Tk_FRn;LH2_Tk_ITa;LH2_Tk_NL,14.473418510995506,18.19006386522588,14.473418510995506
7,LH2_Tk_BE;LH2_Tk_DE;LH2_Tk_DEbp;LH2_Tk_FRn;LH2_Tk_ITa;LH2_Tk_NL;LH2_Tk_PLN,14.473418510995506,18.19006386522588,14.473418510995506
5,LH2_Tk_BE;LH2_Tk_DE;LH2_Tk_DEbp;LH2_Tk_FRn;LH2_Tk_NL,14.473418510995506,18.19006386522588,14.473418510995506
6,LH2_Tk_BE;LH2_Tk_DE;LH2_Tk_DEbp;LH2_Tk_FRn;LH2_Tk_NL;LH2_Tk_PLN,14.473418510995506,18.19006386522588,14.473418510995506
5,LH2_Tk_BE;LH2_Tk_DE;LH2_Tk_DEbp;LH2_Tk_ITa;LH2_Tk_NL,14.473418510995506,18.19006386522588,14.473418510995506
6,LH2_Tk_BE;LH2_Tk_DE;LH2_Tk_DEbp;LH2_Tk_ITa;LH2_Tk_NL;LH2_Tk_PLN,14.473418510995506,18.19006386522588,14.473418510995506
4,LH2_Tk_BE;LH2_Tk_DE;LH2_Tk_DEbp;LH2_Tk_NL,14.473418510995506,18.19006386522588,14.473418510995506
5,LH2_Tk_BE;LH2_Tk_DE;LH2_Tk_DEbp;LH2_Tk_NL;LH2_Tk_PLN,14.473418510995506,18.19006386522588,14.473418510995506
7,LH2_Tk_BE;LH2_Tk_DE;LH2_Tk_FRSW;LH2_Tk_FRW;LH2_Tk_FRn;LH2_Tk_ITa;LH2_Tk_NL,14.473418510995506,24.71078225732929,14.473418510995506
8,LH2_Tk_BE;LH2_Tk_DE;LH2_Tk_FRSW;LH2_Tk_FRW;LH2_Tk_FRn;LH2_Tk_ITa;LH2_Tk_NL;LH2_Tk_PLN,14.473418510995506,24.71078225732929,14.473418510995506
6,LH2_Tk_BE;LH2_Tk_DE;LH2_Tk_FRSW;LH2_Tk_FRW;LH2_Tk_FRn;LH2_Tk_NL,14.473418510995506,24.71078225732929,14.473418510995506
7,LH2_Tk_BE;LH2_Tk_DE;LH2_Tk_FRSW;LH2_Tk_FRW;LH2_Tk_FRn;LH2_Tk_NL;LH2_Tk_PLN,14.473418510995506,24.71078225732929,14.473418510995506
6,LH2_Tk_BE;LH2_Tk_DE;LH2_Tk_FRSW;LH2_Tk_FRW;LH2_Tk_ITa;LH2_Tk_NL,14.473418510995506,24.71078225732929,14.473418510995506
7,LH2_Tk_BE;LH2_Tk_DE;LH2_Tk_FRSW;LH2_Tk_FRW;LH2_Tk_ITa;LH2_Tk_NL;LH2_Tk_PLN,14.473418510995506,24.71078225732929,14.473418510995506
5,LH2_Tk_BE;LH2_Tk_DE;LH2_Tk_FRSW;LH2_Tk_FRW;LH2_Tk_NL,14.473418510995506,24.71078225732929,14.473418510995506
6,LH2_Tk_BE;LH2_Tk_DE;LH2_Tk_FRSW;LH2_Tk_FRW;LH2_Tk_NL;LH2_Tk_PLN,14.473418510995506,24.71078225732929,14.473418510995506
6,LH2_Tk_BE;LH2_Tk_DE;LH2_Tk_FRSW;LH2_Tk_FRn;LH2_Tk_ITa;LH2_Tk_NL,14.473418510995506,24.71078225732929,14.473418510995506
7,LH2_Tk_BE;LH2_Tk_DE;LH2_Tk_FRSW;LH2_Tk_FRn;LH2_Tk_ITa;LH2_Tk_NL;LH2_Tk_PLN,14.473418510995506,24.71078225732929,14.473418510995506
5,LH2_Tk_BE;LH2_Tk_DE;LH2_Tk_FRSW;LH2_Tk_FRn;LH2_Tk_NL,14.473418510995506,24.71078225732929,14.473418510995506
6,LH2_Tk_BE;LH2_Tk_DE;LH2_Tk_FRSW;LH2_Tk_FRn;LH2_Tk_NL;LH2_Tk_PLN,14.473418510995506,24.71078225732929,14.473418510995506
5,LH2_Tk_BE;LH2_Tk_DE;LH2_Tk_FRSW;LH2_Tk_ITa;LH2_Tk_NL,14.473418510995506,24.71078225732929,14.473418510995506
6,LH2_Tk_BE;LH2_Tk_DE;LH2_Tk_FRSW;LH2_Tk_ITa;LH2_Tk_NL;LH2_Tk_PLN,14.473418510995506,24.71078225732929,14.473418510995506
4,LH2_Tk_BE;LH2_Tk_DE;LH2_Tk_FRSW;LH2_Tk_NL,14.473418510995506,24.71078225732929,14.473418510995506
5,LH2_Tk_BE;LH2_Tk_DE;LH2_Tk_FRSW;LH2_Tk_NL;LH2_Tk_PLN,14.473418510995506,24.71078225732929,14.473418510995506
6,LH2_Tk_BE;LH2_Tk_DE;LH2_Tk_FRW;LH2_Tk_FRn;LH2_Tk_ITa;LH2_Tk_NL,14.473418510995506,24.71078225732929,14.473418510995506
7,LH2_Tk_BE;LH2_Tk_DE;LH2_Tk_FRW;LH2_Tk_FRn;LH2_Tk_ITa;LH2_Tk_NL;LH2_Tk_PLN,14.473418510995506,24.71078225732929,14.473418510995506
5,LH2_Tk_BE;LH2_Tk_DE;LH2_Tk_FRW;LH2_Tk_FRn;LH2_Tk_NL,14.473418510995506,24.71078225732929,14.473418510995506
6,LH2_Tk_BE;LH2_Tk_DE;LH2_Tk_FRW;LH2_Tk_FRn;LH2_Tk_NL;LH2_Tk_PLN,14.473418510995506,24.71078225732929,14.473418510995506
5,LH2_Tk_BE;LH2_Tk_DE;LH2_Tk_FRW;LH2_Tk_ITa;LH2_Tk_NL,14.473418510995506,24.71078225732929,14.473418510995506
6,LH2_Tk_BE;LH2_Tk_DE;LH2_Tk_FRW;LH2_Tk_ITa;LH2_Tk_NL;LH2_Tk_PLN,14.473418510995506,24.71078225732929,14.473418510995506
4,LH2_Tk_BE;LH2_Tk_DE;LH2_Tk_FRW;LH2_Tk_NL,14.473418510995506,24.71078225732929,14.473418510995506
5,LH2_Tk_BE;LH2_Tk_DE;LH2_Tk_FRW;LH2_Tk_NL;LH2_Tk_PLN,14.473418510995506,24.71078225732929,14.473418510995506
5,LH2_Tk_BE;LH2_Tk_DE;LH2_Tk_FRn;LH2_Tk_ITa;LH2_Tk_NL,14.473418510995506,24.71078225732929,14.473418510995506
6,LH2_Tk_BE;LH2_Tk_DE;LH2_Tk_FRn;LH2_Tk_ITa;LH2_Tk_NL;LH2_Tk_PLN,14.473418510995506,24.71078225732929,14.473418510995506
4,LH2_Tk_BE;LH2_Tk_DE;LH2_Tk_FRn;LH2_Tk_NL,14.473418510995506,24.71078225732929,14.473418510995506
5,LH2_Tk_BE;LH2_Tk_DE;LH2_Tk_FRn;LH2_Tk_NL;LH2_Tk_PLN,14.473418510995506,24.71078225732929,14.473418510995506
4,LH2_Tk_BE;LH2_Tk_DE;LH2_Tk_ITa;LH2_Tk_NL,14.473418510995506,24.71078225732929,14.473418510995506
5,LH2_Tk_BE;LH2_Tk_DE;LH2_Tk_ITa;LH2_Tk_NL;LH2_Tk_PLN,14.473418510995506,24.71078225732929,14.473418510995506
3,LH2_Tk_BE;LH2_Tk_DE;LH2_Tk_NL,14.473418510995506,24.71078225732929,14.473418510995506
4,LH2_Tk_BE;LH2_Tk_DE;LH2_Tk_NL;LH2_Tk_PLN,14.473418510995506,24.71078225732929,14.473418510995506
7,LH2_Tk_BE;LH2_Tk_DEbp;LH2_Tk_FRSW;LH2_Tk_FRW;LH2_Tk_FRn;LH2_Tk_ITa;LH2_Tk_NL,18.19006386522588,24.71078225732929,18.19006386522588
8,LH2_Tk_BE;LH2_Tk_DEbp;LH2_Tk_FRSW;LH2_Tk_FRW;LH2_Tk_FRn;LH2_Tk_ITa;LH2_Tk_NL;LH2_Tk_PLN,18.19006386522588,24.71078225732929,18.19006386522588
6,LH2_Tk_BE;LH2_Tk_DEbp;LH2_Tk_FRSW;LH2_Tk_FRW;LH2_Tk_FRn;LH2_Tk_NL,18.19006386522588,24.71078225732929,18.19006386522588
7,LH2_Tk_BE;LH2_Tk_DEbp;LH2_Tk_FRSW;LH2_Tk_FRW;LH2_Tk_FRn;LH2_Tk_NL;LH2_Tk_PLN,18.19006386522588,24.71078225732929,18.19006386522588
6,LH2_Tk_BE;LH2_Tk_DEbp;LH2_Tk_FRSW;LH2_Tk_FRW;LH2_Tk_ITa;LH2_Tk_NL,18.19006386522588,24.71078225732929,18.19006386522588
7,LH2_Tk_BE;LH2_Tk_DEbp;LH2_Tk_FRSW;LH2_Tk_FRW;LH2_Tk_ITa;LH2_Tk_NL;LH2_Tk_PLN,18.19006386522588,24.71078225732929,18.19006386522588
5,LH2_Tk_BE;LH2_Tk_DEbp;LH2_Tk_FRSW;LH2_Tk_FRW;LH2_Tk_NL,18.19006386522588,24.71078225732929,18.19006386522588
6,LH2_Tk_BE;LH2_Tk_DEbp;LH2_Tk_FRSW;LH2_Tk_FRW;LH2_Tk_NL;LH2_Tk_PLN,18.19006386522588,24.71078225732929,18.19006386522588
6,LH2_Tk_BE;LH2_Tk_DEbp;LH2_Tk_FRSW;LH2_Tk_FRn;LH2_Tk_ITa;LH2_Tk_NL,18.19006386522588,24.71078225732929,18.19006386522588
7,LH2_Tk_BE;LH2_Tk_DEbp;LH2_Tk_FRSW;LH2_Tk_FRn;LH2_Tk_ITa;LH2_Tk_NL;LH2_Tk_PLN,18.19006386522588,24.71078225732929,18.19006386522588
5,LH2_Tk_BE;LH2_Tk_DEbp;LH2_Tk_FRSW;LH2_Tk_FRn;LH2_Tk_NL,18.19006386522588,24.71078225732929,18.19006386522588
6,LH2_Tk_BE;LH2_Tk_DEbp;LH2_Tk_FRSW;LH2_Tk_FRn;LH2_Tk_NL;LH2_Tk_PLN,18.19006386522588,24.71078225732929,18.19006386522588
5,LH2_Tk_BE;LH2_Tk_DEbp;LH2_Tk_FRSW;LH2_Tk_ITa;LH2_Tk_NL,18.19006386522588,24.71078225732929,18.19006386522588
6,LH2_Tk_BE;LH2_Tk_DEbp;LH2_Tk_FRSW;LH2_Tk_ITa;LH2_Tk_NL;LH2_Tk_PLN,18.19006386522588,24.71078225732929,18.19006386522588
4,LH2_Tk_BE;LH2_Tk_DEbp;LH2_Tk_FRSW;LH2_Tk_NL,18.19006386522588,24.71078225732929,18.19006386522588
5,LH2_Tk_BE;LH2_Tk_DEbp;LH2_Tk_FRSW;LH2_Tk_NL;LH2_Tk_PLN,18.19006386522588,24.71078225732929,18.19006386522588
6,LH2_Tk_BE;LH2_Tk_DEbp;LH2_Tk_FRW;LH2_Tk_FRn;LH2_Tk_ITa;LH2_Tk_NL,18.19006386522588,24.71078225732929,18.19006386522588
7,LH2_Tk_BE;LH2_Tk_DEbp;LH2_Tk_FRW;LH2_Tk_FRn;LH2_Tk_ITa;LH2_Tk_NL;LH2_Tk_PLN,18.19006386522588,24.71078225732929,18.19006386522588
5,LH2_Tk_BE;LH2_Tk_DEbp;LH2_Tk_FRW;LH2_Tk_FRn;LH2_Tk_NL,18.19006386522588,24.71078225732929,18.19006386522588
6,LH2_Tk_BE;LH2_Tk_DEbp;LH2_Tk_FRW;LH2_Tk_FRn;LH2_Tk_NL;LH2_Tk_PLN,18.19006386522588,24.71078225732929,18.19006386522588
5,LH2_Tk_BE;LH2_Tk_DEbp;LH2_Tk_FRW;LH2_Tk_ITa;LH2_Tk_NL,18.19006386522588,24.71078225732929,18.19006386522588
6,LH2_Tk_BE;LH2_Tk_DEbp;LH2_Tk_FRW;LH2_Tk_ITa;LH2_Tk_NL;LH2_Tk_PLN,18.19006386522588,24.71078225732929,18.19006386522588
4,LH2_Tk_BE;LH2_Tk_DEbp;LH2_Tk_FRW;LH2_Tk_NL,18.19006386522588,24.71078225732929,18.19006386522588
5,LH2_Tk_BE;LH2_Tk_DEbp;LH2_Tk_FRW;LH2_Tk_NL;LH2_Tk_PLN,18.19006386522588,24.71078225732929,18.19006386522588
5,LH2_Tk_BE;LH2_Tk_DEbp;LH2_Tk_FRn;LH2_Tk_ITa;LH2_Tk_NL,18.19006386522588,24.71078225732929,18.19006386522588
6,LH2_Tk_BE;LH2_Tk_DEbp;LH2_Tk_FRn;LH2_Tk_ITa;LH2_Tk_NL;LH2_Tk_PLN,18.19006386522588,24.71078225732929,18.19006386522588
4,LH2_Tk_BE;LH2_Tk_DEbp;LH2_Tk_FRn;LH2_Tk_NL,18.19006386522588,24.71078225732929,18.19006386522588
5,LH2_Tk_BE;LH2_Tk_DEbp;LH2_Tk_FRn;LH2_Tk_NL;LH2_Tk_PLN,18.19006386522588,24.71078225732929,18.19006386522588
4,LH2_Tk_BE;LH2_Tk_DEbp;LH2_Tk_ITa;LH2_Tk_NL,18.19006386522588,24.71078225732929,18.19006386522588
5,LH2_Tk_BE;LH2_Tk_DEbp;LH2_Tk_ITa;LH2_Tk_NL;LH2_Tk_PLN,18.19006386522588,24.71078225732929,18.19006386522588
3,LH2_Tk_BE;LH2_Tk_DEbp;LH2_Tk_NL,18.19006386522588,24.71078225732929,18.19006386522588
4,LH2_Tk_BE;LH2_Tk_DEbp;LH2_Tk_NL;LH2_Tk_PLN,18.19006386522588,24.71078225732929,18.19006386522588
6,LH2_Tk_BE;LH2_Tk_FRSW;LH2_Tk_FRW;LH2_Tk_FRn;LH2_Tk_ITa;LH2_Tk_NL,24.71078225732929,24.71078225732929,24.71078225732929
7,LH2_Tk_BE;LH2_Tk_FRSW;LH2_Tk_FRW;LH2_Tk_FRn;LH2_Tk_ITa;LH2_Tk_NL;LH2_Tk_PLN,24.71078225732929,24.71078225732929,24.71078225732929
5,LH2_Tk_BE;LH2_Tk_FRSW;LH2_Tk_FRW;LH2_Tk_FRn;LH2_Tk_NL,24.71078225732929,24.71078225732929,24.71078225732929
6,LH2_Tk_BE;LH2_Tk_FRSW;LH2_Tk_FRW;LH2_Tk_FRn;LH2_Tk_NL;LH2_Tk_PLN,24.71078225732929,24.71078225732929,24.71078225732929
5,LH2_Tk_BE;LH2_Tk_FRSW;LH2_Tk_FRW;LH2_Tk_ITa;LH2_Tk_NL,24.71078225732929,24.71078225732929,24.71078225732929
6,LH2_Tk_BE;LH2_Tk_FRSW;LH2_Tk_FRW;LH2_Tk_ITa;LH2_Tk_NL;LH2_Tk_PLN,24.71078225732929,24.71078225732929,24.71078225732929
4,LH2_Tk_BE;LH2_Tk_FRSW;LH2_Tk_FRW;LH2_Tk_NL,24.71078225732929,24.71078225732929,24.71078225732929
5,LH2_Tk_BE;LH2_Tk_FRSW;LH2_Tk_FRW;LH2_Tk_NL;LH2_Tk_PLN,24.71078225732929,24.71078225732929,24.71078225732929
5,LH2_Tk_BE;LH2_Tk_FRSW;LH2_Tk_FRn;LH2_Tk_ITa;LH2_Tk_NL,24.71078225732929,24.71078225732929,24.71078225732929
6,LH2_Tk_BE;LH2_Tk_FRSW;LH2_Tk_FRn;LH2_Tk_ITa;LH2_Tk_NL;LH2_Tk_PLN,24.71078225732929,24.71078225732929,24.71078225732929
4,LH2_Tk_BE;LH2_Tk_FRSW;LH2_Tk_FRn;LH2_Tk_NL,24.71078225732929,24.71078225732929,24.71078225732929
5,LH2_Tk_BE;LH2_Tk_FRSW;LH2_Tk_FRn;LH2_Tk_NL;LH2_Tk_PLN,24.71078225732929,24.71078225732929,24.71078225732929
4,LH2_Tk_BE;LH2_Tk_FRSW;LH2_Tk_ITa;LH2_Tk_NL,24.71078225732929,24.71078225732929,24.71078225732929
5,LH2_Tk_BE;LH2_Tk_FRSW;LH2_Tk_ITa;LH2_Tk_NL;LH2_Tk_PLN,24.71078225732929,24.71078225732929,24.71078225732929
3,LH2_Tk_BE;LH2_Tk_FRSW;LH2_Tk_NL,24.71078225732929,24.71078225732929,24.71078225732929
4,LH2_Tk_BE;LH2_Tk_FRSW;LH2_Tk_NL;LH2_Tk_PLN,24.71078225732929,24.71078225732929,24.71078225732929
5,LH2_Tk_BE;LH2_Tk_FRW;LH2_Tk_FRn;LH2_Tk_ITa;LH2_Tk_NL,24.71078225732929,24.71078225732929,24.71078225732929
6,LH2_Tk_BE;LH2_Tk_FRW;LH2_Tk_FRn;LH2_Tk_ITa;LH2_Tk_NL;LH2_Tk_PLN,24.71078225732929,24.71078225732929,24.71078225732929
4,LH2_Tk_BE;LH2_Tk_FRW;LH2_Tk_FRn;LH2_Tk_NL,24.71078225732929,24.71078225732929,24.71078225732929
5,LH2_Tk_BE;LH2_Tk_FRW;LH2_Tk_FRn;LH2_Tk_NL;LH2_Tk_PLN,24.71078225732929,24.71078225732929,24.71078225732929
4,LH2_Tk_BE;LH2_Tk_FRW;LH2_Tk_ITa;LH2_Tk_NL,24.71078225732929,24.71078225732929,24.71078225732929
5,LH2_Tk_BE;LH2_Tk_FRW;LH2_Tk_ITa;LH2_Tk_NL;LH2_Tk_PLN,24.71078225732929,24.71078225732929,24.71078225732929
3,LH2_Tk_BE;LH2_Tk_FRW;LH2_Tk_NL,24.71078225732929,24.71078225732929,24.71078225732929
4,LH2_Tk_BE;LH2_Tk_FRW;LH2_Tk_NL;LH2_Tk_PLN,24.71078225732929,24.71078225732929,24.71078225732929
4,LH2_Tk_BE;LH2_Tk_FRn;LH2_Tk_ITa;LH2_Tk_NL,24.71078225732929,24.71078225732929,24.71078225732929
5,LH2_Tk_BE;LH2_Tk_FRn;LH2_Tk_ITa;LH2_Tk_NL;LH2_Tk_PLN,24.71078225732929,24.71078225732929,24.71078225732929
3,LH2_Tk_BE;LH2_Tk_FRn;LH2_Tk_NL,24.71078225732929,24.71078225732929,24.71078225732929
4,LH2_Tk_BE;LH2_Tk_FRn;LH2_Tk_NL;LH2_Tk_PLN,24.71078225732929,24.71078225732929,24.71078225732929
3,LH2_Tk_BE;LH2_Tk_ITa;LH2_Tk_NL,24.71078225732929,24.71078225732929,24.71078225732929
4,LH2_Tk_BE;LH2_Tk_ITa;LH2_Tk_NL;LH2_Tk_PLN,24.71078225732929,24.71078225732929,24.71078225732929
2,LH2_Tk_BE;LH2_Tk_NL,24.71078225732929,24.71078225732929,24.71078225732929
3,LH2_Tk_BE;LH2_Tk_NL;LH2_Tk_PLN,24.71078225732929,24.71078225732929,24.71078225732929
7,LH2_Tk_DE;LH2_Tk_DEbp;LH2_Tk_FRSW;LH2_Tk_FRW;LH2_Tk_FRn;LH2_Tk_ITa;LH2_Tk_NL,32.284847466618615,47.93457160766674,38.805565858722005
8,LH2_Tk_DE;LH2_Tk_DEbp;LH2_Tk_FRSW;LH2_Tk_FRW;LH2_Tk_FRn;LH2_Tk_ITa;LH2_Tk_NL;LH2_Tk_PLN,32.284847466618615,47.93457160766674,38.805565858722005
6,LH2_Tk_DE;LH2_Tk_DEbp;LH2_Tk_FRSW;LH2_Tk_FRW;LH2_Tk_FRn;LH2_Tk_NL,32.284847466618615,47.93457160766674,38.805565858722005
7,LH2_Tk_DE;LH2_Tk_DEbp;LH2_Tk_FRSW;LH2_Tk_FRW;LH2_Tk_FRn;LH2_Tk_NL;LH2_Tk_PLN,32.284847466618615,47.93457160766674,38.805565858722005
6,LH2_Tk_DE;LH2_Tk_DEbp;LH2_Tk_FRSW;LH2_Tk_FRW;LH2_Tk_ITa;LH2_Tk_NL,32.284847466618615,47.93457160766674,38.805565858722005
7,LH2_Tk_DE;LH2_Tk_DEbp;LH2_Tk_FRSW;LH2_Tk_FRW;LH2_Tk_ITa;LH2_Tk_NL;LH2_Tk_PLN,32.284847466618615,47.93457160766674,38.805565858722005
5,LH2_Tk_DE;LH2_Tk_DEbp;LH2_Tk_FRSW;LH2_Tk_FRW;LH2_Tk_NL,32.284847466618615,47.93457160766674,38.805565858722005
6,LH2_Tk_DE;LH2_Tk_DEbp;LH2_Tk_FRSW;LH2_Tk_FRW;LH2_Tk_NL;LH2_Tk_PLN,32.284847466618615,47.93457160766674,38.805565858722005
6,LH2_Tk_DE;LH2_Tk_DEbp;LH2_Tk_FRSW;LH2_Tk_FRn;LH2_Tk_ITa;LH2_Tk_NL,32.284847466618615,47.93457160766674,38.805565858722005
7,LH2_Tk_DE;LH2_Tk_DEbp;LH2_Tk_FRSW;LH2_Tk_FRn;LH2_Tk_ITa;LH2_Tk_NL;LH2_Tk_PLN,32.284847466618615,47.93457160766674,38.805565858722005
5,LH2_Tk_DE;LH2_Tk_DEbp;LH2_Tk_FRSW;LH2_Tk_FRn;LH2_Tk_NL,32.284847466618615,47.93457160766674,38.805565858722005
6,LH2_Tk_DE;LH2_Tk_DEbp;LH2_Tk_FRSW;LH2_Tk_FRn;LH2_Tk_NL;LH2_Tk_PLN,32.284847466618615,47.93457160766674,38.805565858722005
5,LH2_Tk_DE;LH2_Tk_DEbp;LH2_Tk_FRSW;LH2_Tk_ITa;LH2_Tk_NL,32.284847466618615,47.93457160766674,38.805565858722005
6,LH2_Tk_DE;LH2_Tk_DEbp;LH2_Tk_FRSW;LH2_Tk_ITa;LH2_Tk_NL;LH2_Tk_PLN,32.284847466618615,47.93457160766674,38.805565858722005
4,LH2_Tk_DE;LH2_Tk_DEbp;LH2_Tk_FRSW;LH2_Tk_NL,32.284847466618615,47.93457160766674,38.805565858722005
5,LH2_Tk_DE;LH2_Tk_DEbp;LH2_Tk_FRSW;LH2_Tk_NL;LH2_Tk_PLN,32.284847466618615,47.93457160766674,38.805565858722005
6,LH2_Tk_DE;LH2_Tk_DEbp;LH2_Tk_FRW;LH2_Tk_FRn;LH2_Tk_ITa;LH2_Tk_NL,32.284847466618615,47.93457160766674,38.805565858722005
7,LH2_Tk_DE;LH2_Tk_DEbp;LH2_Tk_FRW;LH2_Tk_FRn;LH2_Tk_ITa;LH2_Tk_NL;LH2_Tk_PLN,32.284847466618615,47.93457160766674,38.805565858722005
5,LH2_Tk_DE;LH2_Tk_DEbp;LH2_Tk_FRW;LH2_Tk_FRn;LH2_Tk_NL,32.284847466618615,47.93457160766674,38.805565858722005
6,LH2_Tk_DE;LH2_Tk_DEbp;LH2_Tk_FRW;LH2_Tk_FRn;LH2_Tk_NL;LH2_Tk_PLN,32.284847466618615,47.93457160766674,38.805565858722005
5,LH2_Tk_DE;LH2_Tk_DEbp;LH2_Tk_FRW;LH2_Tk_ITa;LH2_Tk_NL,32.284847466618615,47.93457160766674,38.805565858722005
6,LH2_Tk_DE;LH2_Tk_DEbp;LH2_Tk_FRW;LH2_Tk_ITa;LH2_Tk_NL;LH2_Tk_PLN,32.284847466618615,47.93457160766674,38.805565858722005
4,LH2_Tk_DE;LH2_Tk_DEbp;LH2_Tk_FRW;LH2_Tk_NL,32.284847466618615,47.93457160766674,38.805565858722005
5,LH2_Tk_DE;LH2_Tk_DEbp;LH2_Tk_FRW;LH2_Tk_NL;LH2_Tk_PLN,32.284847466618615,47.93457160766674,38.805565858722005
5,LH2_Tk_DE;LH2_Tk_DEbp;LH2_Tk_FRn;LH2_Tk_ITa;LH2_Tk_NL,32.284847466618615,47.93457160766674,38.805565858722005
6,LH2_Tk_DE;LH2_Tk_DEbp;LH2_Tk_FRn;LH2_Tk_ITa;LH2_Tk_NL;LH2_Tk_PLN,32.284847466618615,47.93457160766674,38.805565858722005
4,LH2_Tk_DE;LH2_Tk_DEbp;LH2_Tk_FRn;LH2_Tk_NL,32.284847466618615,47.93457160766674,38.805565858722005
5,LH2_Tk_DE;LH2_Tk_DEbp;LH2_Tk_FRn;LH2_Tk_NL;LH2_Tk_PLN,32.284847466618615,47.93457160766674,38.805565858722005
4,LH2_Tk_DE;LH2_Tk_DEbp;LH2_Tk_ITa;LH2_Tk_NL,32.284847466618615,47.93457160766674,38.805565858722005
5,LH2_Tk_DE;LH2_Tk_DEbp;LH2_Tk_ITa;LH2_Tk_NL;LH2_Tk_PLN,32.284847466618615,47.93457160766674,38.805565858722005
3,LH2_Tk_DE;LH2_Tk_DEbp;LH2_Tk_NL,32.284847466618615,47.93457160766674,38.805565858722005
4,LH2_Tk_DE;LH2_Tk_DEbp;LH2_Tk_NL;LH2_Tk_PLN,32.284847466618615,47.93457160766674,38.805565858722005
6,LH2_Tk_DE;LH2_Tk_FRSW;LH2_Tk_FRW;LH2_Tk_FRn;LH2_Tk_ITa;LH2_Tk_NL,38.805565858722005,54.45528999977015,38.805565858722005
7,LH2_Tk_DE;LH2_Tk_FRSW;LH2_Tk_FRW;LH2_Tk_FRn;LH2_Tk_ITa;LH2_Tk_NL;LH2_Tk_PLN,38.805565858722005,54.45528999977015,38.805565858722005
5,LH2_Tk_DE;LH2_Tk_FRSW;LH2_Tk_FRW;LH2_Tk_FRn;LH2_Tk_NL,38.805565858722005,54.45528999977015,38.805565858722005
6,LH2_Tk_DE;LH2_Tk_FRSW;LH2_Tk_FRW;LH2_Tk_FRn;LH2_Tk_NL;LH2_Tk_PLN,38.805565858722005,54.45528999977015,38.805565858722005
5,LH2_Tk_DE;LH2_Tk_FRSW;LH2_Tk_FRW;LH2_Tk_ITa;LH2_Tk_NL,38.805565858722005,54.45528999977015,38.805565858722005
6,LH2_Tk_DE;LH2_Tk_FRSW;LH2_Tk_FRW;LH2_Tk_ITa;LH2_Tk_NL;LH2_Tk_PLN,38.805565858722005,54.45528999977015,38.805565858722005
4,LH2_Tk_DE;LH2_Tk_FRSW;LH2_Tk_FRW;LH2_Tk_NL,38.805565858722005,54.45528999977015,38.805565858722005
5,LH2_Tk_DE;LH2_Tk_FRSW;LH2_Tk_FRW;LH2_Tk_NL;LH2_Tk_PLN,38.805565858722005,54.45528999977015,38.805565858722005
5,LH2_Tk_DE;LH2_Tk_FRSW;LH2_Tk_FRn;LH2_Tk_ITa;LH2_Tk_NL,38.805565858722005,54.45528999977015,38.805565858722005
6,LH2_Tk_DE;LH2_Tk_FRSW;LH2_Tk_FRn;LH2_Tk_ITa;LH2_Tk_NL;LH2_Tk_PLN,38.805565858722005,54.45528999977015,38.805565858722005
4,LH2_Tk_DE;LH2_Tk_FRSW;LH2_Tk_FRn;LH2_Tk_NL,38.805565858722005,54.45528999977015,38.805565858722005
5,LH2_Tk_DE;LH2_Tk_FRSW;LH2_Tk_FRn;LH2_Tk_NL;LH2_Tk_PLN,38.805565858722005,54.45528999977015,38.805565858722005
4,LH2_Tk_DE;LH2_Tk_FRSW;LH2_Tk_ITa;LH2_Tk_NL,38.805565858722005,54.45528999977015,38.805565858722005
5,LH2_Tk_DE;LH2_Tk_FRSW;LH2_Tk_ITa;LH2_Tk_NL;LH2_Tk_PLN,38.805565858722005,54.45528999977015,38.805565858722005
3,LH2_Tk_DE;LH2_Tk_FRSW;LH2_Tk_NL,38.805565858722005,54.45528999977015,38.805565858722005
4,LH2_Tk_DE;LH2_Tk_FRSW;LH2_Tk_NL;LH2_Tk_PLN,38.805565858722005,54.45528999977015,38.805565858722005
5,LH2_Tk_DE;LH2_Tk_FRW;LH2_Tk_FRn;LH2_Tk_ITa;LH2_Tk_NL,38.805565858722005,54.45528999977015,38.805565858722005
6,LH2_Tk_DE;LH2_Tk_FRW;LH2_Tk_FRn;LH2_Tk_ITa;LH2_Tk_NL;LH2_Tk_PLN,38.805565858722005,54.45528999977015,38.805565858722005
4,LH2_Tk_DE;LH2_Tk_FRW;LH2_Tk_FRn;LH2_Tk_NL,38.805565858722005,54.45528999977015,38.805565858722005
5,LH2_Tk_DE;LH2_Tk_FRW;LH2_Tk_FRn;LH2_Tk_NL;LH2_Tk_PLN,38.805565858722005,54.45528999977015,38.805565858722005
4,LH2_Tk_DE;LH2_Tk_FRW;LH2_Tk_ITa;LH2_Tk_NL,38.805565858722005,54.45528999977015,38.805565858722005
5,LH2_Tk_DE;LH2_Tk_FRW;LH2_Tk_ITa;LH2_Tk_NL;LH2_Tk_PLN,38.805565858722005,54.45528999977015,38.805565858722005
3,LH2_Tk_DE;LH2_Tk_FRW;LH2_Tk_NL,38.805565858722005,54.45528999977015,38.805565858722005
4,LH2_Tk_DE;LH2_Tk_FRW;LH2_Tk_NL;LH2_Tk_PLN,38.805565858722005,54.45528999977015,38.805565858722005
4,LH2_Tk_DE;LH2_Tk_FRn;LH2_Tk_ITa;LH2_Tk_NL,38.805565858722005,54.45528999977015,38.805565858722005
5,LH2_Tk_DE;LH2_Tk_FRn;LH2_Tk_ITa;LH2_Tk_NL;LH2_Tk_PLN,38.805565858722005,54.45528999977015,38.805565858722005
3,LH2_Tk_DE;LH2_Tk_FRn;LH2_Tk_NL,38.805565858722005,54.45528999977015,38.805565858722005
4,LH2_Tk_DE;LH2_Tk_FRn;LH2_Tk_NL;LH2_Tk_PLN,38.805565858722005,54.45528999977015,38.805565858722005
3,LH2_Tk_DE;LH2_Tk_ITa;LH2_Tk_NL,38.805565858722005,54.45528999977015,38.805565858722005
4,LH2_Tk_DE;LH2_Tk_ITa;LH2_Tk_NL;LH2_Tk_PLN,38.805565858722005,54.45528999977015,38.805565858722005
2,LH2_Tk_DE;LH2_Tk_NL,38.805565858722005,54.45528999977015,38.805565858722005
3,LH2_Tk_DE;LH2_Tk_NL;LH2_Tk_PLN,38.805565858722005,54.45528999977015,38.805565858722005
6,LH2_Tk_DEbp;LH2_Tk_FRSW;LH2_Tk_FRW;LH2_Tk_FRn;LH2_Tk_ITa;LH2_Tk_NL,47.93457160766674,54.45528999977015,47.93457160766674
7,LH2_Tk_DEbp;LH2_Tk_FRSW;LH2_Tk_FRW;LH2_Tk_FRn;LH2_Tk_ITa;LH2_Tk_NL;LH2_Tk_PLN,47.93457160766674,54.45528999977015,47.93457160766674
5,LH2_Tk_DEbp;LH2_Tk_FRSW;LH2_Tk_FRW;LH2_Tk_FRn;LH2_Tk_NL,47.93457160766674,54.45528999977015,47.93457160766674
6,LH2_Tk_DEbp;LH2_Tk_FRSW;LH2_Tk_FRW;LH2_Tk_FRn;LH2_Tk_NL;LH2_Tk_PLN,47.93457160766674,54.45528999977015,47.93457160766674
5,LH2_Tk_DEbp;LH2_Tk_FRSW;LH2_Tk_FRW;LH2_Tk_ITa;LH2_Tk_NL,47.93457160766674,54.45528999977015,47.93457160766674
6,LH2_Tk_DEbp;LH2_Tk_FRSW;LH2_Tk_FRW;LH2_Tk_ITa;LH2_Tk_NL;LH2_Tk_PLN,47.93457160766674,54.45528999977015,47.93457160766674
4,LH2_Tk_DEbp;LH2_Tk_FRSW;LH2_Tk_FRW;LH2_Tk_NL,47.93457160766674,54.45528999977015,47.93457160766674
5,LH2_Tk_DEbp;LH2_Tk_FRSW;LH2_Tk_FRW;LH2_Tk_NL;LH2_Tk_PLN,47.93457160766674,54.45528999977015,47.93457160766674
5,LH2_Tk_DEbp;LH2_Tk_FRSW;LH2_Tk_FRn;LH2_Tk_ITa;LH2_Tk_NL,47.93457160766674,54.45528999977015,47.93457160766674
6,LH2_Tk_DEbp;LH2_Tk_FRSW;LH2_Tk_FRn;LH2_Tk_ITa;LH2_Tk_NL;LH2_Tk_PLN,47.93457160766674,54.45528999977015,47.93457160766674
4,LH2_Tk_DEbp;LH2_Tk_FRSW;LH2_Tk_FRn;LH2_Tk_NL,47.93457160766674,54.45528999977015,47.93457160766674
5,LH2_Tk_DEbp;LH2_Tk_FRSW;LH2_Tk_FRn;LH2_Tk_NL;LH2_Tk_PLN,47.93457160766674,54.45528999977015,47.93457160766674
4,LH2_Tk_DEbp;LH2_Tk_FRSW;LH2_Tk_ITa;LH2_Tk_NL,47.93457160766674,54.45528999977015,47.93457160766674
5,LH2_Tk_DEbp;LH2_Tk_FRSW;LH2_Tk_ITa;LH2_Tk_NL;LH2_Tk_PLN,47.93457160766674,54.45528999977015,47.93457160766674
3,LH2_Tk_DEbp;LH2_Tk_FRSW;LH2_Tk_NL,47.93457160766674,54.45528999977015,47.93457160766674
4,LH2_Tk_DEbp;LH2_Tk_FRSW;LH2_Tk_NL;LH2_Tk_PLN,47.93457160766674,54.45528999977015,47.93457160766674
5,LH2_Tk_DEbp;LH2_Tk_FRW;LH2_Tk_FRn;LH2_Tk_ITa;LH2_Tk_NL,47.93457160766674,54.45528999977015,47.93457160766674
6,LH2_Tk_DEbp;LH2_Tk_FRW;LH2_Tk_FRn;LH2_Tk_ITa;LH2_Tk_NL;LH2_Tk_PLN,47.93457160766674,54.45528999977015,47.93457160766674
4,LH2_Tk_DEbp;LH2_Tk_FRW;LH2_Tk_FRn;LH2_Tk_NL,47.93457160766674,54.45528999977015,47.93457160766674
5,LH2_Tk_DEbp;LH2_Tk_FRW;LH2_Tk_FRn;LH2_Tk_NL;LH2_Tk_PLN,47.93457160766674,54.45528999977015,47.93457160766674
4,LH2_Tk_DEbp;LH2_Tk_FRW;LH2_Tk_ITa;LH2_Tk_NL,47.93457160766674,54.45528999977015,47.93457160766674
5,LH2_Tk_DEbp;LH2_Tk_FRW;LH2_Tk_ITa;LH2_Tk_NL;LH2_Tk_PLN,47.93457160766674,54.45528999977015,47.93457160766674
3,LH2_Tk_DEbp;LH2_Tk_FRW;LH2_Tk_NL,47.93457160766674,54.45528999977015,47.93457160766674
4,LH2_Tk_DEbp;LH2_Tk_FRW;LH2_Tk_NL;LH2_Tk_PLN,47.93457160766674,54.45528999977015,47.93457160766674
4,LH2_Tk_DEbp;LH2_Tk_FRn;LH2_Tk_ITa;LH2_Tk_NL,47.93457160766674,54.45528999977015,47.93457160766674
5,LH2_Tk_DEbp;LH2_Tk_FRn;LH2_Tk_ITa;LH2_Tk_NL;LH2_Tk_PLN,47.93457160766674,54.45528999977015,47.93457160766674
3,LH2_Tk_DEbp;LH2_Tk_FRn;LH2_Tk_NL,47.93457160766674,54.45528999977015,47.93457160766674
4,LH2_Tk_DEbp;LH2_Tk_FRn;LH2_Tk_NL;LH2_Tk_PLN,47.93457160766674,54.45528999977015,47.93457160766674
3,LH2_Tk_DEbp;LH2_Tk_ITa;LH2_Tk_NL,47.93457160766674,54.45528999977015,47.93457160766674
4,LH2_Tk_DEbp;LH2_Tk_ITa;LH2_Tk_NL;LH2_Tk_PLN,47.93457160766674,54.45528999977015,47.93457160766674
2,LH2_Tk_DEbp;LH2_Tk_NL,47.93457160766674,54.45528999977015,47.93457160766674
3,LH2_Tk_DEbp;LH2_Tk_NL;LH2_Tk_PLN,47.93457160766674,54.45528999977015,47.93457160766674
5,LH2_Tk_FRSW;LH2_Tk_FRW;LH2_Tk_FRn;LH2_Tk_ITa;LH2_Tk_NL,54.45528999977015,54.45528999977015,54.45528999977015
6,LH2_Tk_FRSW;LH2_Tk_FRW;LH2_Tk_FRn;LH2_Tk_ITa;LH2_Tk_NL;LH2_Tk_PLN,54.45528999977015,54.45528999977015,54.45528999977015
4,LH2_Tk_FRSW;LH2_Tk_FRW;LH2_Tk_FRn;LH2_Tk_NL,54.45528999977015,54.45528999977015,54.45528999977015
5,LH2_Tk_FRSW;LH2_Tk_FRW;LH2_Tk_FRn;LH2_Tk_NL;LH2_Tk_PLN,54.45528999977015,54.45528999977015,54.45528999977015
4,LH2_Tk_FRSW;LH2_Tk_FRW;LH2_Tk_ITa;LH2_Tk_NL,54.45528999977015,54.45528999977015,54.45528999977015
5,LH2_Tk_FRSW;LH2_Tk_FRW;LH2_Tk_ITa;LH2_Tk_NL;LH2_Tk_PLN,54.45528999977015,54.45528999977015,54.45528999977015
3,LH2_Tk_FRSW;LH2_Tk_FRW;LH2_Tk_NL,54.45528999977015,54.45528999977015,54.45528999977015
4,LH2_Tk_FRSW;LH2_Tk_FRW;LH2_Tk_NL;LH2_Tk_PLN,54.45528999977015,54.45528999977015,54.45528999977015
4,LH2_Tk_FRSW;LH2_Tk_FRn;LH2_Tk_ITa;LH2_Tk_NL,54.45528999977015,54.45528999977015,54.45528999977015
5,LH2_Tk_FRSW;LH2_Tk_FRn;LH2_Tk_ITa;LH2_Tk_NL;LH2_Tk_PLN,54.45528999977015,54.45528999977015,54.45528999977015
3,LH2_Tk_FRSW;LH2_Tk_FRn;LH2_Tk_NL,54.45528999977015,54.45528999977015,54.45528999977015
4,LH2_Tk_FRSW;LH2_Tk_FRn;LH2_Tk_NL;LH2_Tk_PLN,54.45528999977015,54.45528999977015,54.45528999977015
3,LH2_Tk_FRSW;LH2_Tk_ITa;LH2_Tk_NL,54.45528999977015,54.45528999977015,54.45528999977015
4,LH2_Tk_FRSW;LH2_Tk_ITa;LH2_Tk_NL;LH2_Tk_PLN,54.45528999977015,54.45528999977015,54.45528999977015
2,LH2_Tk_FRSW;LH2_Tk_NL,54.45528999977015,54.45528999977015,54.45528999977015
3,LH2_Tk_FRSW;LH2_Tk_NL;LH2_Tk_PLN,54.45528999977015,54.45528999977015,54.45528999977015
4,LH2_Tk_FRW;LH2_Tk_FRn;LH2_Tk_ITa;LH2_Tk_NL,54.45528999977015,54.45528999977015,54.45528999977015
5,LH2_Tk_FRW;LH2_Tk_FRn;LH2_Tk_ITa;LH2_Tk_NL;LH2_Tk_PLN,54.45528999977015,54.45528999977015,54.45528999977015
3,LH2_Tk_FRW;LH2_Tk_FRn;LH2_Tk_NL,54.45528999977015,54.45528999977015,54.45528999977015
4,LH2_Tk_FRW;LH2_Tk_FRn;LH2_Tk_NL;LH2_Tk_PLN,54.45528999977015,54.45528999977015,54.45528999977015
3,LH2_Tk_FRW;LH2_Tk_ITa;LH2_Tk_NL,54.45528999977015,54.45528999977015,54.45528999977015
4,LH2_Tk_FRW;LH2_Tk_ITa;LH2_Tk_NL;LH2_Tk_PLN,54.45528999977015,54.45528999977015,54.45528999977015
2,LH2_Tk_FRW;LH2_Tk_NL,54.45528999977015,54.45528999977015,54.45528999977015
3,LH2_Tk_FRW;LH2_Tk_NL;LH2_Tk_PLN,54.45528999977015,54.45528999977015,54.45528999977015
3,LH2_Tk_FRn;LH2_Tk_ITa;LH2_Tk_NL,54.45528999977015,54.45528999977015,54.45528999977015
4,LH2_Tk_FRn;LH2_Tk_ITa;LH2_Tk_NL;LH2_Tk_PLN,54.45528999977015,54.45528999977015,54.45528999977015
2,LH2_Tk_FRn;LH2_Tk_NL,54.45528999977015,54.45528999977015,54.45528999977015
3,LH2_Tk_FRn;LH2_Tk_NL;LH2_Tk_PLN,54.45528999977015,54.45528999977015,54.45528999977015
2,LH2_Tk_ITa;LH2_Tk_NL,54.45528999977015,54.45528999977015,54.45528999977015
3,LH2_Tk_ITa;LH2_Tk_NL;LH2_Tk_PLN,54.45528999977015,54.45528999977015,54.45528999977015
1,LH2_Tk_NL,54.45528999977015,54.45528999977015,54.45528999977015
2,LH2_Tk_NL;LH2_Tk_PLN,54.45528999977015,54.45528999977015,54.45528999977015
3,LH2_Tk_BE;LH2_Tk_DE;LH2_Tk_DEbp,48.085049724407604,63.73477386545574,54.60576811651099
4,LH2_Tk_BE;LH2_Tk_DE;LH2_Tk_DEbp;LH2_Tk_FRSW,48.085049724407604,63.73477386545574,54.60576811651099
5,LH2_Tk_BE;LH2_Tk_DE;LH2_Tk_DEbp;LH2_Tk_FRSW;LH2_Tk_FRW,48.085049724407604,63.73477386545574,54.60576811651099
6,LH2_Tk_BE;LH2_Tk_DE;LH2_Tk_DEbp;LH2_Tk_FRSW;LH2_Tk_FRW;LH2_Tk_FRn,48.085049724407604,63.73477386545574,54.60576811651099
7,LH2_Tk_BE;LH2_Tk_DE;LH2_Tk_DEbp;LH2_Tk_FRSW;LH2_Tk_FRW;LH2_Tk_FRn;LH2_Tk_ITa,48.085049724407604,63.73477386545574,54.60576811651099
8,LH2_Tk_BE;LH2_Tk_DE;LH2_Tk_DEbp;LH2_Tk_FRSW;LH2_Tk_FRW;LH2_Tk_FRn;LH2_Tk_ITa;LH2_Tk_PLN,48.085049724407604,63.73477386545574,54.60576811651099
7,LH2_Tk_BE;LH2_Tk_DE;LH2_Tk_DEbp;LH2_Tk_FRSW;LH2_Tk_FRW;LH2_Tk_FRn;LH2_Tk_PLN,48.085049724407604,63.73477386545574,54.60576811651099
6,LH2_Tk_BE;LH2_Tk_DE;LH2_Tk_DEbp;LH2_Tk_FRSW;LH2_Tk_FRW;LH2_Tk_ITa,48.085049724407604,63.73477386545574,54.60576811651099
7,LH2_Tk_BE;LH2_Tk_DE;LH2_Tk_DEbp;LH2_Tk_FRSW;LH2_Tk_FRW;LH2_Tk_ITa;LH2_Tk_PLN,48.085049724407604,63.73477386545574,54.60576811651099
6,LH2_Tk_BE;LH2_Tk_DE;LH2_Tk_DEbp;LH2_Tk_FRSW;LH2_Tk_FRW;LH2_Tk_PLN,48.085049724407604,63.73477386545574,54.60576811651099
5,LH2_Tk_BE;LH2_Tk_DE;LH2_Tk_DEbp;LH2_Tk_FRSW;LH2_Tk_FRn,48.085049724407604,63.73477386545574,54.60576811651099
6,LH2_Tk_BE;LH2_Tk_DE;LH2_Tk_DEbp;LH2_Tk_FRSW;LH2_Tk_FRn;LH2_Tk_ITa,48.085049724407604,63.73477386545574,54.60576811651099
7,LH2_Tk_BE;LH2_Tk_DE;LH2_Tk_DEbp;LH2_Tk_FRSW;LH2_Tk_FRn;LH2_Tk_ITa;LH2_Tk_PLN,48.085049724407604,63.73477386545574,54.60576811651099
6,LH2_Tk_BE;LH2_Tk_DE;LH2_Tk_DEbp;LH2_Tk_FRSW;LH2_Tk_FRn;LH2_Tk_PLN,48.085049724407604,63.73477386545574,54.60576811651099
5,LH2_Tk_BE;LH2_Tk_DE;LH2_Tk_DEbp;LH2_Tk_FRSW;LH2_Tk_ITa,48.085049724407604,63.73477386545574,54.60576811651099
6,LH2_Tk_BE;LH2_Tk_DE;LH2_Tk_DEbp;LH2_Tk_FRSW;LH2_Tk_ITa;LH2_Tk_PLN,48.085049724407604,63.73477386545574,54.60576811651099
5,LH2_Tk_BE;LH2_Tk_DE;LH2_Tk_DEbp;LH2_Tk_FRSW;LH2_Tk_PLN,48.085049724407604,63.73477386545574,54.60576811651099
4,LH2_Tk_BE;LH2_Tk_DE;LH2_Tk_DEbp;LH2_Tk_FRW,48.085049724407604,63.73477386545574,54.60576811651099
5,LH2_Tk_BE;LH2_Tk_DE;LH2_Tk_DEbp;LH2_Tk_FRW;LH2_Tk_FRn,48.085049724407604,63.73477386545574,54.60576811651099
6,LH2_Tk_BE;LH2_Tk_DE;LH2_Tk_DEbp;LH2_Tk_FRW;LH2_Tk_FRn;LH2_Tk_ITa,48.085049724407604,63.73477386545574,54.60576811651099
7,LH2_Tk_BE;LH2_Tk_DE;LH2_Tk_DEbp;LH2_Tk_FRW;LH2_Tk_FRn;LH2_Tk_ITa;LH2_Tk_PLN,48.085049724407604,63.73477386545574,54.60576811651099
6,LH2_Tk_BE;LH2_Tk_DE;LH2_Tk_DEbp;LH2_Tk_FRW;LH2_Tk_FRn;LH2_Tk_PLN,48.085049724407604,63.73477386545574,54.60576811651099
5,LH2_Tk_BE;LH2_Tk_DE;LH2_Tk_DEbp;LH2_Tk_FRW;LH2_Tk_ITa,48.085049724407604,63.73477386545574,54.60576811651099
6,LH2_Tk_BE;LH2_Tk_DE;LH2_Tk_DEbp;LH2_Tk_FRW;LH2_Tk_ITa;LH2_Tk_PLN,48.085049724407604,63.73477386545574,54.60576811651099
5,LH2_Tk_BE;LH2_Tk_DE;LH2_Tk_DEbp;LH2_Tk_FRW;LH2_Tk_PLN,48.085049724407604,63.73477386545574,54.60576811651099
4,LH2_Tk_BE;LH2_Tk_DE;LH2_Tk_DEbp;LH2_Tk_FRn,48.085049724407604,63.73477386545574,54.60576811651099
5,LH2_Tk_BE;LH2_Tk_DE;LH2_Tk_DEbp;LH2_Tk_FRn;LH2_Tk_ITa,48.085049724407604,63.73477386545574,54.60576811651099
6,LH2_Tk_BE;LH2_Tk_DE;LH2_Tk_DEbp;LH2_Tk_FRn;LH2_Tk_ITa;LH2_Tk_PLN,48.085049724407604,63.73477386545574,54.60576811651099
5,LH2_Tk_BE;LH2_Tk_DE;LH2_Tk_DEbp;LH2_Tk_FRn;LH2_Tk_PLN,48.085049724407604,63.73477386545574,54.60576811651099
4,LH2_Tk_BE;LH2_Tk_DE;LH2_Tk_DEbp;LH2_Tk_ITa,48.085049724407604,63.73477386545574,54.60576811651099
5,LH2_Tk_BE;LH2_Tk_DE;LH2_Tk_DEbp;LH2_Tk_ITa;LH2_Tk_PLN,48.085049724407604,63.73477386545574,54.60576811651099
4,LH2_Tk_BE;LH2_Tk_DE;LH2_Tk_DEbp;LH2_Tk_PLN,48.085049724407604,63.73477386545574,54.60576811651099
2,LH2_Tk_BE;LH2_Tk_DE,54.60576811651099,70.25549225755914,54.60576811651099
3,LH2_Tk_BE;LH2_Tk_DE;LH2_Tk_FRSW,54.60576811651099,70.25549225755914,54.60576811651099
4,LH2_Tk_BE;LH2_Tk_DE;LH2_Tk_FRSW;LH2_Tk_FRW,54.60576811651099,70.25549225755914,54.60576811651099
5,LH2_Tk_BE;LH2_Tk_DE;LH2_Tk_FRSW;LH2_Tk_FRW;LH2_Tk_FRn,54.60576811651099,70.25549225755914,54.60576811651099
6,LH2_Tk_BE;LH2_Tk_DE;LH2_Tk_FRSW;LH2_Tk_FRW;LH2_Tk_FRn;LH2_Tk_ITa,54.60576811651099,70.25549225755914,54.60576811651099
7,LH2_Tk_BE;LH2_Tk_DE;LH2_Tk_FRSW;LH2_Tk_FRW;LH2_Tk_FRn;LH2_Tk_ITa;LH2_Tk_PLN,54.60576811651099,70.25549225755914,54.60576811651099
6,LH2_Tk_BE;LH2_Tk_DE;LH2_Tk_FRSW;LH2_Tk_FRW;LH2_Tk_FRn;LH2_Tk_PLN,54.60576811651099,70.25549225755914,54.60576811651099
5,LH2_Tk_BE;LH2_Tk_DE;LH2_Tk_FRSW;LH2_Tk_FRW;LH2_Tk_ITa,54.60576811651099,70.25549225755914,54.60576811651099
6,LH2_Tk_BE;LH2_Tk_DE;LH2_Tk_FRSW;LH2_Tk_FRW;LH2_Tk_ITa;LH2_Tk_PLN,54.60576811651099,70.25549225755914,54.60576811651099
5,LH2_Tk_BE;LH2_Tk_DE;LH2_Tk_FRSW;LH2_Tk_FRW;LH2_Tk_PLN,54.60576811651099,70.25549225755914,54.60576811651099
4,LH2_Tk_BE;LH2_Tk_DE;LH2_Tk_FRSW;LH2_Tk_FRn,54.60576811651099,70.25549225755914,54.60576811651099
5,LH2_Tk_BE;LH2_Tk_DE;LH2_Tk_FRSW;LH2_Tk_FRn;LH2_Tk_ITa,54.60576811651099,70.25549225755914,54.60576811651099
6,LH2_Tk_BE;LH2_Tk_DE;LH2_Tk_FRSW;LH2_Tk_FRn;LH2_Tk_ITa;LH2_Tk_PLN,54.60576811651099,70.25549225755914,54.60576811651099
5,LH2_Tk_BE;LH2_Tk_DE;LH2_Tk_FRSW;LH2_Tk_FRn;LH2_Tk_PLN,54.60576811651099,70.25549225755914,54.60576811651099
4,LH2_Tk_BE;LH2_Tk_DE;LH2_Tk_FRSW;LH2_Tk_ITa,54.60576811651099,70.25549225755914,54.60576811651099
5,LH2_Tk_BE;LH2_Tk_DE;LH2_Tk_FRSW;LH2_Tk_ITa;LH2_Tk_PLN,54.60576811651099,70.25549225755914,54.60576811651099
4,LH2_Tk_BE;LH2_Tk_DE;LH2_Tk_FRSW;LH2_Tk_PLN,54.60576811651099,70.25549225755914,54.60576811651099
3,LH2_Tk_BE;LH2_Tk_DE;LH2_Tk_FRW,54.60576811651099,70.25549225755914,54.60576811651099
4,LH2_Tk_BE;LH2_Tk_DE;LH2_Tk_FRW;LH2_Tk_FRn,54.60576811651099,70.25549225755914,54.60576811651099
5,LH2_Tk_BE;LH2_Tk_DE;LH2_Tk_FRW;LH2_Tk_FRn;LH2_Tk_ITa,54.60576811651099,70.25549225755914,54.60576811651099
6,LH2_Tk_BE;LH2_Tk_DE;LH2_Tk_FRW;LH2_Tk_FRn;LH2_Tk_ITa;LH2_Tk_PLN,54.60576811651099,70.25549225755914,54.60576811651099
5,LH2_Tk_BE;LH2_Tk_DE;LH2_Tk_FRW;LH2_Tk_FRn;LH2_Tk_PLN,54.60576811651099,70.25549225755914,54.60576811651099
4,LH2_Tk_BE;LH2_Tk_DE;LH2_Tk_FRW;LH2_Tk_ITa,54.60576811651099,70.25549225755914,54.60576811651099
5,LH2_Tk_BE;LH2_Tk_DE;LH2_Tk_FRW;LH2_Tk_ITa;LH2_Tk_PLN,54.60576811651099,70.25549225755914,54.60576811651099
4,LH2_Tk_BE;LH2_Tk_DE;LH2_Tk_FRW;LH2_Tk_PLN,54.60576811651099,70.25549225755914,54.60576811651099
3,LH2_Tk_BE;LH2_Tk_DE;LH2_Tk_FRn,54.60576811651099,70.25549225755914,54.60576811651099
4,LH2_Tk_BE;LH2_Tk_DE;LH2_Tk_FRn;LH2_Tk_ITa,54.60576811651099,70.25549225755914,54.60576811651099
5,LH2_Tk_BE;LH2_Tk_DE;LH2_Tk_FRn;LH2_Tk_ITa;LH2_Tk_PLN,54.60576811651099,70.25549225755914,54.60576811651099
4,LH2_Tk_BE;LH2_Tk_DE;LH2_Tk_FRn;LH2_Tk_PLN,54.60576811651099,70.25549225755914,54.60576811651099
3,LH2_Tk_BE;LH2_Tk_DE;LH2_Tk_ITa,54.60576811651099,70.25549225755914,54.60576811651099
4,LH2_Tk_BE;LH2_Tk_DE;LH2_Tk_ITa;LH2_Tk_PLN,54.60576811651099,70.25549225755914,54.60576811651099
3,LH2_Tk_BE;LH2_Tk_DE;LH2_Tk_PLN,54.60576811651099,70.25549225755914,54.60576811651099
2,LH2_Tk_BE;LH2_Tk_DEbp,63.73477386545574,70.25549225755914,63.73477386545574
3,LH2_Tk_BE;LH2_Tk_DEbp;LH2_Tk_FRSW,63.73477386545574,70.25549225755914,63.73477386545574
4,LH2_Tk_BE;LH2_Tk_DEbp;LH2_Tk_FRSW;LH2_Tk_FRW,63.73477386545574,70.25549225755914,63.73477386545574
5,LH2_Tk_BE;LH2_Tk_DEbp;LH2_Tk_FRSW;LH2_Tk_FRW;LH2_Tk_FRn,63.73477386545574,70.25549225755914,63.73477386545574
6,LH2_Tk_BE;LH2_Tk_DEbp;LH2_Tk_FRSW;LH2_Tk_FRW;LH2_Tk_FRn;LH2_Tk_ITa,63.73477386545574,70.25549225755914,63.73477386545574
7,LH2_Tk_BE;LH2_Tk_DEbp;LH2_Tk_FRSW;LH2_Tk_FRW;LH2_Tk_FRn;LH2_Tk_ITa;LH2_Tk_PLN,63.73477386545574,70.25549225755914,63.73477386545574
6,LH2_Tk_BE;LH2_Tk_DEbp;LH2_Tk_FRSW;LH2_Tk_FRW;LH2_Tk_FRn;LH2_Tk_PLN,63.73477386545574,70.25549225755914,63.73477386545574
5,LH2_Tk_BE;LH2_Tk_DEbp;LH2_Tk_FRSW;LH2_Tk_FRW;LH2_Tk_ITa,63.73477386545574,70.25549225755914,63.73477386545574
6,LH2_Tk_BE;LH2_Tk_DEbp;LH2_Tk_FRSW;LH2_Tk_FRW;LH2_Tk_ITa;LH2_Tk_PLN,63.73477386545574,70.25549225755914,63.73477386545574
5,LH2_Tk_BE;LH2_Tk_DEbp;LH2_Tk_FRSW;LH2_Tk_FRW;LH2_Tk_PLN,63.73477386545574,70.25549225755914,63.73477386545574
4,LH2_Tk_BE;LH2_Tk_DEbp;LH2_Tk_FRSW;LH2_Tk_FRn,63.73477386545574,70.25549225755914,63.73477386545574
5,LH2_Tk_BE;LH2_Tk_DEbp;LH2_Tk_FRSW;LH2_Tk_FRn;LH2_Tk_ITa,63.73477386545574,70.25549225755914,63.73477386545574
6,LH2_Tk_BE;LH2_Tk_DEbp;LH2_Tk_FRSW;LH2_Tk_FRn;LH2_Tk_ITa;LH2_Tk_PLN,63.73477386545574,70.25549225755914,63.73477386545574
5,LH2_Tk_BE;LH2_Tk_DEbp;LH2_Tk_FRSW;LH2_Tk_FRn;LH2_Tk_PLN,63.73477386545574,70.25549225755914,63.73477386545574
4,LH2_Tk_BE;LH2_Tk_DEbp;LH2_Tk_FRSW;LH2_Tk_ITa,63.73477386545574,70.25549225755914,63.73477386545574
5,LH2_Tk_BE;LH2_Tk_DEbp;LH2_Tk_FRSW;LH2_Tk_ITa;LH2_Tk_PLN,63.73477386545574,70.25549225755914,63.73477386545574
4,LH2_Tk_BE;LH2_Tk_DEbp;LH2_Tk_FRSW;LH2_Tk_PLN,63.73477386545574,70.25549225755914,63.73477386545574
3,LH2_Tk_BE;LH2_Tk_DEbp;LH2_Tk_FRW,63.73477386545574,70.25549225755914,63.73477386545574
4,LH2_Tk_BE;LH2_Tk_DEbp;LH2_Tk_FRW;LH2_Tk_FRn,63.73477386545574,70.25549225755914,63.73477386545574
5,LH2_Tk_BE;LH2_Tk_DEbp;LH2_Tk_FRW;LH2_Tk_FRn;LH2_Tk_ITa,63.73477386545574,70.25549225755914,63.73477386545574
6,LH2_Tk_BE;LH2_Tk_DEbp;LH2_Tk_FRW;LH2_Tk_FRn;LH2_Tk_ITa;LH2_Tk_PLN,63.73477386545574,70.25549225755914,63.73477386545574
5,LH2_Tk_BE;LH2_Tk_DEbp;LH2_Tk_FRW;LH2_Tk_FRn;LH2_Tk_PLN,63.73477386545574,70.25549225755914,63.73477386545574
4,LH2_Tk_BE;LH2_Tk_DEbp;LH2_Tk_FRW;LH2_Tk_ITa,63.73477386545574,70.25549225755914,63.73477386545574
5,LH2_Tk_BE;LH2_Tk_DEbp;LH2_Tk_FRW;LH2_Tk_ITa;LH2_Tk_PLN,63.73477386545574,70.25549225755914,63.73477386545574
4,LH2_Tk_BE;LH2_Tk_DEbp;LH2_Tk_FRW;LH2_Tk_PLN,63.73477386545574,70.25549225755914,63.73477386545574
3,LH2_Tk_BE;LH2_Tk_DEbp;LH2_Tk_FRn,63.73477386545574,70.25549225755914,63.73477386545574
4,LH2_Tk_BE;LH2_Tk_DEbp;LH2_Tk_FRn;LH2_Tk_ITa,63.73477386545574,70.25549225755914,63.73477386545574
5,LH2_Tk_BE;LH2_Tk_DEbp;LH2_Tk_FRn;LH2_Tk_ITa;LH2_Tk_PLN,63.73477386545574,70.25549225755914,63.73477386545574
4,LH2_Tk_BE;LH2_Tk_DEbp;LH2_Tk_FRn;LH2_Tk_PLN,63.73477386545574,70.25549225755914,63.73477386545574
3,LH2_Tk_BE;LH2_Tk_DEbp;LH2_Tk_ITa,63.73477386545574,70.25549225755914,63.73477386545574
4,LH2_Tk_BE;LH2_Tk_DEbp;LH2_Tk_ITa;LH2_Tk_PLN,63.73477386545574,70.25549225755914,63.73477386545574
3,LH2_Tk_BE;LH2_Tk_DEbp;LH2_Tk_PLN,63.73477386545574,70.25549225755914,63.73477386545574
1,LH2_Tk_BE,70.25549225755914,70.25549225755914,70.25549225755914
2,LH2_Tk_BE;LH2_Tk_FRSW,70.25549225755914,70.25549225755914,70.25549225755914
3,LH2_Tk_BE;LH2_Tk_FRSW;LH2_Tk_FRW,70.25549225755914,70.25549225755914,70.25549225755914
4,LH2_Tk_BE;LH2_Tk_FRSW;LH2_Tk_FRW;LH2_Tk_FRn,70.25549225755914,70.25549225755914,70.25549225755914
5,LH2_Tk_BE;LH2_Tk_FRSW;LH2_Tk_FRW;LH2_Tk_FRn;LH2_Tk_ITa,70.25549225755914,70.25549225755914,70.25549225755914
6,LH2_Tk_BE;LH2_Tk_FRSW;LH2_Tk_FRW;LH2_Tk_FRn;LH2_Tk_ITa;LH2_Tk_PLN,70.25549225755914,70.25549225755914,70.25549225755914
5,LH2_Tk_BE;LH2_Tk_FRSW;LH2_Tk_FRW;LH2_Tk_FRn;LH2_Tk_PLN,70.25549225755914,70.25549225755914,70.25549225755914
4,LH2_Tk_BE;LH2_Tk_FRSW;LH2_Tk_FRW;LH2_Tk_ITa,70.25549225755914,70.25549225755914,70.25549225755914
5,LH2_Tk_BE;LH2_Tk_FRSW;LH2_Tk_FRW;LH2_Tk_ITa;LH2_Tk_PLN,70.25549225755914,70.25549225755914,70.25549225755914
4,LH2_Tk_BE;LH2_Tk_FRSW;LH2_Tk_FRW;LH2_Tk_PLN,70.25549225755914,70.25549225755914,70.25549225755914
3,LH2_Tk_BE;LH2_Tk_FRSW;LH2_Tk_FRn,70.25549225755914,70.25549225755914,70.25549225755914
4,LH2_Tk_BE;LH2_Tk_FRSW;LH2_Tk_FRn;LH2_Tk_ITa,70.25549225755914,70.25549225755914,70.25549225755914
5,LH2_Tk_BE;LH2_Tk_FRSW;LH2_Tk_FRn;LH2_Tk_ITa;LH2_Tk_PLN,70.25549225755914,70.25549225755914,70.25549225755914
4,LH2_Tk_BE;LH2_Tk_FRSW;LH2_Tk_FRn;LH2_Tk_PLN,70.25549225755914,70.25549225755914,70.25549225755914
3,LH2_Tk_BE;LH2_Tk_FRSW;LH2_Tk_ITa,70.25549225755914,70.25549225755914,70.25549225755914
4,LH2_Tk_BE;LH2_Tk_FRSW;LH2_Tk_ITa;LH2_Tk_PLN,70.25549225755914,70.25549225755914,70.25549225755914
3,LH2_Tk_BE;LH2_Tk_FRSW;LH2_Tk_PLN,70.25549225755914,70.25549225755914,70.25549225755914
2,LH2_Tk_BE;LH2_Tk_FRW,70.25549225755914,70.25549225755914,70.25549225755914
3,LH2_Tk_BE;LH2_Tk_FRW;LH2_Tk_FRn,70.25549225755914,70.25549225755914,70.25549225755914
4,LH2_Tk_BE;LH2_Tk_FRW;LH2_Tk_FRn;LH2_Tk_ITa,70.25549225755914,70.25549225755914,70.25549225755914
5,LH2_Tk_BE;LH2_Tk_FRW;LH2_Tk_FRn;LH2_Tk_ITa;LH2_Tk_PLN,70.25549225755914,70.25549225755914,70.25549225755914
4,LH2_Tk_BE;LH2_Tk_FRW;LH2_Tk_FRn;LH2_Tk_PLN,70.25549225755914,70.25549225755914,70.25549225755914
3,LH2_Tk_BE;LH2_Tk_FRW;LH2_Tk_ITa,70.25549225755914,70.25549225755914,70.25549225755914
4,LH2_Tk_BE;LH2_Tk_FRW;LH2_Tk_ITa;LH2_Tk_PLN,70.25549225755914,70.25549225755914,70.25549225755914
3,LH2_Tk_BE;LH2_Tk_FRW;LH2_Tk_PLN,70.25549225755914,70.25549225755914,70.25549225755914
2,LH2_Tk_BE;LH2_Tk_FRn,70.25549225755914,70.25549225755914,70.25549225755914
3,LH2_Tk_BE;LH2_Tk_FRn;LH2_Tk_ITa,70.25549225755914,70.25549225755914,70.25549225755914
4,LH2_Tk_BE;LH2_Tk_FRn;LH2_Tk_ITa;LH2_Tk_PLN,70.25549225755914,70.25549225755914,70.25549225755914
3,LH2_Tk_BE;LH2_Tk_FRn;LH2_Tk_PLN,70.25549225755914,70.25549225755914,70.25549225755914
2,LH2_Tk_BE;LH2_Tk_ITa,70.25549225755914,70.25549225755914,70.25549225755914
3,LH2_Tk_BE;LH2_Tk_ITa;LH2_Tk_PLN,70.25549225755914,70.25549225755914,70.25549225755914
2,LH2_Tk_BE;LH2_Tk_PLN,70.25549225755914,70.25549225755914,70.25549225755914
2,LH2_Tk_DE;LH2_Tk_DEbp,77.82955746684847,95.3805380318239,84.35027585895185
3,LH2_Tk_DE;LH2_Tk_DEbp;LH2_Tk_FRSW,77.82955746684847,95.3805380318239,84.35027585895185
4,LH2_Tk_DE;LH2_Tk_DEbp;LH2_Tk_FRSW;LH2_Tk_FRW,77.82955746684847,95.3805380318239,84.35027585895185
5,LH2_Tk_DE;LH2_Tk_DEbp;LH2_Tk_FRSW;LH2_Tk_FRW;LH2_Tk_FRn,77.82955746684847,95.3805380318239,84.35027585895185
6,LH2_Tk_DE;LH2_Tk_DEbp;LH2_Tk_FRSW;LH2_Tk_FRW;LH2_Tk_FRn;LH2_Tk_ITa,77.82955746684847,95.3805380318239,84.35027585895185
7,LH2_Tk_DE;LH2_Tk_DEbp;LH2_Tk_FRSW;LH2_Tk_FRW;LH2_Tk_FRn;LH2_Tk_ITa;LH2_Tk_PLN,77.82955746684847,95.3805380318239,84.35027585895185
6,LH2_Tk_DE;LH2_Tk_DEbp;LH2_Tk_FRSW;LH2_Tk_FRW;LH2_Tk_FRn;LH2_Tk_PLN,77.82955746684847,95.3805380318239,84.35027585895185
5,LH2_Tk_DE;LH2_Tk_DEbp;LH2_Tk_FRSW;LH2_Tk_FRW;LH2_Tk_ITa,77.82955746684847,95.3805380318239,84.35027585895185
6,LH2_Tk_DE;LH2_Tk_DEbp;LH2_Tk_FRSW;LH2_Tk_FRW;LH2_Tk_ITa;LH2_Tk_PLN,77.82955746684847,95.3805380318239,84.35027585895185
5,LH2_Tk_DE;LH2_Tk_DEbp;LH2_Tk_FRSW;LH2_Tk_FRW;LH2_Tk_PLN,77.82955746684847,95.3805380318239,84.35027585895185
4,LH2_Tk_DE;LH2_Tk_DEbp;LH2_Tk_FRSW;LH2_Tk_FRn,77.82955746684847,95.3805380318239,84.35027585895185
5,LH2_Tk_DE;LH2_Tk_DEbp;LH2_Tk_FRSW;LH2_Tk_FRn;LH2_Tk_ITa,77.82955746684847,95.3805380318239,84.35027585895185
6,LH2_Tk_DE;LH2_Tk_DEbp;LH2_Tk_FRSW;LH2_Tk_FRn;LH2_Tk_ITa;LH2_Tk_PLN,77.82955746684847,95.3805380318239,84.35027585895185
5,LH2_Tk_DE;LH2_Tk_DEbp;LH2_Tk_FRSW;LH2_Tk_FRn;LH2_Tk_PLN,77.82955746684847,95.3805380318239,84.35027585895185
4,LH2_Tk_DE;LH2_Tk_DEbp;LH2_Tk_FRSW;LH2_Tk_ITa,77.82955746684847,95.3805380318239,84.35027585895185
5,LH2_Tk_DE;LH2_Tk_DEbp;LH2_Tk_FRSW;LH2_Tk_ITa;LH2_Tk_PLN,77.82955746684847,95.3805380318239,84.35027585895185
4,LH2_Tk_DE;LH2_Tk_DEbp;LH2_Tk_FRSW;LH2_Tk_PLN,77.82955746684847,95.3805380318239,84.35027585895185
3,LH2_Tk_DE;LH2_Tk_DEbp;LH2_Tk_FRW,77.82955746684847,95.3805380318239,84.35027585895185
4,LH2_Tk_DE;LH2_Tk_DEbp;LH2_Tk_FRW;LH2_Tk_FRn,77.82955746684847,95.3805380318239,84.35027585895185
5,LH2_Tk_DE;LH2_Tk_DEbp;LH2_Tk_FRW;LH2_Tk_FRn;LH2_Tk_ITa,77.82955746684847,95.3805380318239,84.35027585895185
6,LH2_Tk_DE;LH2_Tk_DEbp;LH2_Tk_FRW;LH2_Tk_FRn;LH2_Tk_ITa;LH2_Tk_PLN,77.82955746684847,95.3805380318239,84.35027585895185
5,LH2_Tk_DE;LH2_Tk_DEbp;LH2_Tk_FRW;LH2_Tk_FRn;LH2_Tk_PLN,77.82955746684847,95.3805380318239,84.35027585895185
4,LH2_Tk_DE;LH2_Tk_DEbp;LH2_Tk_FRW;LH2_Tk_ITa,77.82955746684847,95.3805380318239,84.35027585895185
5,LH2_Tk_DE;LH2_Tk_DEbp;LH2_Tk_FRW;LH2_Tk_ITa;LH2_Tk_PLN,77.82955746684847,95.3805380318239,84.35027585895185
4,LH2_Tk_DE;LH2_Tk_DEbp;LH2_Tk_FRW;LH2_Tk_PLN,77.82955746684847,95.3805380318239,84.35027585895185
3,LH2_Tk_DE;LH2_Tk_DEbp;LH2_Tk_FRn,77.82955746684847,95.3805380318239,84.35027585895185
4,LH2_Tk_DE;LH2_Tk_DEbp;LH2_Tk_FRn;LH2_Tk_ITa,77.82955746684847,95.3805380318239,84.35027585895185
5,LH2_Tk_DE;LH2_Tk_DEbp;LH2_Tk_FRn;LH2_Tk_ITa;LH2_Tk_PLN,77.82955746684847,95.3805380318239,84.35027585895185
4,LH2_Tk_DE;LH2_Tk_DEbp;LH2_Tk_FRn;LH2_Tk_PLN,77.82955746684847,95.3805380318239,84.35027585895185
3,LH2_Tk_DE;LH2_Tk_DEbp;LH2_Tk_ITa,77.82955746684847,95.3805380318239,84.35027585895185
4,LH2_Tk_DE;LH2_Tk_DEbp;LH2_Tk_ITa;LH2_Tk_PLN,77.82955746684847,95.3805380318239,84.35027585895185
3,LH2_Tk_DE;LH2_Tk_DEbp;LH2_Tk_PLN,77.82955746684847,95.3805380318239,84.35027585895185
1,LH2_Tk_DE,84.35027585895185,100.0,84.35027585895185
2,LH2_Tk_DE;LH2_Tk_FRSW,84.35027585895185,100.0,84.35027585895185
3,LH2_Tk_DE;LH2_Tk_FRSW;LH2_Tk_FRW,84.35027585895185,100.0,84.35027585895185
4,LH2_Tk_DE;LH2_Tk_FRSW;LH2_Tk_FRW;LH2_Tk_FRn,84.35027585895185,100.0,84.35027585895185
5,LH2_Tk_DE;LH2_Tk_FRSW;LH2_Tk_FRW;LH2_Tk_FRn;LH2_Tk_ITa,84.35027585895185,100.0,84.35027585895185
6,LH2_Tk_DE;LH2_Tk_FRSW;LH2_Tk_FRW;LH2_Tk_FRn;LH2_Tk_ITa;LH2_Tk_PLN,84.35027585895185,100.0,84.35027585895185
5,LH2_Tk_DE;LH2_Tk_FRSW;LH2_Tk_FRW;LH2_Tk_FRn;LH2_Tk_PLN,84.35027585895185,100.0,84.35027585895185
4,LH2_Tk_DE;LH2_Tk_FRSW;LH2_Tk_FRW;LH2_Tk_ITa,84.35027585895185,100.0,84.35027585895185
5,LH2_Tk_DE;LH2_Tk_FRSW;LH2_Tk_FRW;LH2_Tk_ITa;LH2_Tk_PLN,84.35027585895185,100.0,84.35027585895185
4,LH2_Tk_DE;LH2_Tk_FRSW;LH2_Tk_FRW;LH2_Tk_PLN,84.35027585895185,100.0,84.35027585895185
3,LH2_Tk_DE;LH2_Tk_FRSW;LH2_Tk_FRn,84.35027585895185,100.0,84.35027585895185
4,LH2_Tk_DE;LH2_Tk_FRSW;LH2_Tk_FRn;LH2_Tk_ITa,84.35027585895185,100.0,84.35027585895185
5,LH2_Tk_DE;LH2_Tk_FRSW;LH2_Tk_FRn;LH2_Tk_ITa;LH2_Tk_PLN,84.35027585895185,100.0,84.35027585895185
4,LH2_Tk_DE;LH2_Tk_FRSW;LH2_Tk_FRn;LH2_Tk_PLN,84.35027585895185,100.0,84.35027585895185
3,LH2_Tk_DE;LH2_Tk_FRSW;LH2_Tk_ITa,84.35027585895185,100.0,84.35027585895185
4,LH2_Tk_DE;LH2_Tk_FRSW;LH2_Tk_ITa;LH2_Tk_PLN,84.35027585895185,100.0,84.35027585895185
3,LH2_Tk_DE;LH2_Tk_FRSW;LH2_Tk_PLN,84.35027585895185,100.0,84.35027585895185
2,LH2_Tk_DE;LH2_Tk_FRW,84.35027585895185,100.0,84.35027585895185
3,LH2_Tk_DE;LH2_Tk_FRW;LH2_Tk_FRn,84.35027585895185,100.0,84.35027585895185
4,LH2_Tk_DE;LH2_Tk_FRW;LH2_Tk_FRn;LH2_Tk_ITa,84.35027585895185,100.0,84.35027585895185
5,LH2_Tk_DE;LH2_Tk_FRW;LH2_Tk_FRn;LH2_Tk_ITa;LH2_Tk_PLN,84.35027585895185,100.0,84.35027585895185
4,LH2_Tk_DE;LH2_Tk_FRW;LH2_Tk_FRn;LH2_Tk_PLN,84.35027585895185,100.0,84.35027585895185
3,LH2_Tk_DE;LH2_Tk_FRW;LH2_Tk_ITa,84.35027585895185,100.0,84.35027585895185
4,LH2_Tk_DE;LH2_Tk_FRW;LH2_Tk_ITa;LH2_Tk_PLN,84.35027585895185,100.0,84.35027585895185
3,LH2_Tk_DE;LH2_Tk_FRW;LH2_Tk_PLN,84.35027585895185,100.0,84.35027585895185
2,LH2_Tk_DE;LH2_Tk_FRn,84.35027585895185,100.0,84.35027585895185
3,LH2_Tk_DE;LH2_Tk_FRn;LH2_Tk_ITa,84.35027585895185,100.0,84.35027585895185
4,LH2_Tk_DE;LH2_Tk_FRn;LH2_Tk_ITa;LH2_Tk_PLN,84.35027585895185,100.0,84.35027585895185
3,LH2_Tk_DE;LH2_Tk_FRn;LH2_Tk_PLN,84.35027585895185,100.0,84.35027585895185
2,LH2_Tk_DE;LH2_Tk_ITa,84.35027585895185,100.0,84.35027585895185
3,LH2_Tk_DE;LH2_Tk_ITa;LH2_Tk_PLN,84.35027585895185,100.0,84.35027585895185
2,LH2_Tk_DE;LH2_Tk_PLN,84.35027585895185,100.0,84.35027585895185
4,LH2_Tk_DEbp;LH2_Tk_FRSW;LH2_Tk_FRW;LH2_Tk_FRn,93.47928160789661,100.0,93.47928160789661
5,LH2_Tk_DEbp;LH2_Tk_FRSW;LH2_Tk_FRW;LH2_Tk_FRn;LH2_Tk_ITa,93.47928160789661,100.0,93.47928160789661
6,LH2_Tk_DEbp;LH2_Tk_FRSW;LH2_Tk_FRW;LH2_Tk_FRn;LH2_Tk_ITa;LH2_Tk_PLN,93.47928160789661,100.0,93.47928160789661
5,LH2_Tk_DEbp;LH2_Tk_FRSW;LH2_Tk_FRW;LH2_Tk_FRn;LH2_Tk_PLN,93.47928160789661,100.0,93.47928160789661
3,LH2_Tk_DEbp;LH2_Tk_FRSW;LH2_Tk_FRn,93.47928160789661,100.0,93.47928160789661
4,LH2_Tk_DEbp;LH2_Tk_FRSW;LH2_Tk_FRn;LH2_Tk_ITa,93.47928160789661,100.0,93.47928160789661
5,LH2_Tk_DEbp;LH2_Tk_FRSW;LH2_Tk_FRn;LH2_Tk_ITa;LH2_Tk_PLN,93.47928160789661,100.0,93.47928160789661
4,LH2_Tk_DEbp;LH2_Tk_FRSW;LH2_Tk_FRn;LH2_Tk_PLN,93.47928160789661,100.0,93.47928160789661
3,LH2_Tk_DEbp;LH2_Tk_FRW;LH2_Tk_FRn,93.47928160789661,100.0,93.47928160789661
4,LH2_Tk_DEbp;LH2_Tk_FRW;LH2_Tk_FRn;LH2_Tk_ITa,93.47928160789661,100.0,93.47928160789661
5,LH2_Tk_DEbp;LH2_Tk_FRW;LH2_Tk_FRn;LH2_Tk_ITa;LH2_Tk_PLN,93.47928160789661,100.0,93.47928160789661
4,LH2_Tk_DEbp;LH2_Tk_FRW;LH2_Tk_FRn;LH2_Tk_PLN,93.47928160789661,100.0,93.47928160789661
2,LH2_Tk_DEbp;LH2_Tk_FRn,93.47928160789661,100.0,93.47928160789661
3,LH2_Tk_DEbp;LH2_Tk_FRn;LH2_Tk_ITa,93.47928160789661,100.0,93.47928160789661
4,LH2_Tk_DEbp;LH2_Tk_FRn;LH2_Tk_ITa;LH2_Tk_PLN,93.47928160789661,100.0,93.47928160789661
3,LH2_Tk_DEbp;LH2_Tk_FRn;LH2_Tk_PLN,93.47928160789661,100.0,93.47928160789661
1,LH2_Tk_DEbp,95.3805380318239,100.0,95.3805380318239
2,LH2_Tk_DEbp;LH2_Tk_FRSW,95.3805380318239,100.0,95.3805380318239
3,LH2_Tk_DEbp;LH2_Tk_FRSW;LH2_Tk_FRW,95.3805380318239,100.0,95.3805380318239
4,LH2_Tk_DEbp;LH2_Tk_FRSW;LH2_Tk_FRW;LH2_Tk_ITa,95.3805380318239,100.0,95.3805380318239
5,LH2_Tk_DEbp;LH2_Tk_FRSW;LH2_Tk_FRW;LH2_Tk_ITa;LH2_Tk_PLN,95.3805380318239,100.0,95.3805380318239
4,LH2_Tk_DEbp;LH2_Tk_FRSW;LH2_Tk_FRW;LH2_Tk_PLN,95.3805380318239,100.0,95.3805380318239
3,LH2_Tk_DEbp;LH2_Tk_FRSW;LH2_Tk_ITa,95.3805380318239,100.0,95.3805380318239
4,LH2_Tk_DEbp;LH2_Tk_FRSW;LH2_Tk_ITa;LH2_Tk_PLN,95.3805380318239,100.0,95.3805380318239
3,LH2_Tk_DEbp;LH2_Tk_FRSW;LH2_Tk_PLN,95.3805380318239,100.0,95.3805380318239
2,LH2_Tk_DEbp;LH2_Tk_FRW,95.3805380318239,100.0,95.3805380318239
3,LH2_Tk_DEbp;LH2_Tk_FRW;LH2_Tk_ITa,95.3805380318239,100.0,95.3805380318239
4,LH2_Tk_DEbp;LH2_Tk_FRW;LH2_Tk_ITa;LH2_Tk_PLN,95.3805380318239,100.0,95.3805380318239
3,LH2_Tk_DEbp;LH2_Tk_FRW;LH2_Tk_PLN,95.3805380318239,100.0,95.3805380318239
2,LH2_Tk_DEbp;LH2_Tk_ITa,95.3805380318239,100.0,95.3805380318239
3,LH2_Tk_DEbp;LH2_Tk_ITa;LH2_Tk_PLN,95.3805380318239,100.0,95.3805380318239
2,LH2_Tk_DEbp;LH2_Tk_PLN,95.3805380318239,100.0,95.3805380318239
1,LH2_Tk_FRSW,100.0,100.0,100.0
2,LH2_Tk_FRSW;LH2_Tk_FRW,100.0,100.0,100.0
3,LH2_Tk_FRSW;LH2_Tk_FRW;LH2_Tk_FRn,100.0,100.0,100.0
4,LH2_Tk_FRSW;LH2_Tk_FRW;LH2_Tk_FRn;LH2_Tk_ITa,100.0,100.0,100.0
5,LH2_Tk_FRSW;LH2_Tk_FRW;LH2_Tk_FRn;LH2_Tk_ITa;LH2_Tk_PLN,100.0,100.0,100.0
4,LH2_Tk_FRSW;LH2_Tk_FRW;LH2_Tk_FRn;LH2_Tk_PLN,100.0,100.0,100.0
3,LH2_Tk_FRSW;LH2_Tk_FRW;LH2_Tk_ITa,100.0,100.0,100.0
4,LH2_Tk_FRSW;LH2_Tk_FRW;LH2_Tk_ITa;LH2_Tk_PLN,100.0,100.0,100.0
3,LH2_Tk_FRSW;LH2_Tk_FRW;LH2_Tk_PLN,100.0,100.0,100.0
2,LH2_Tk_FRSW;LH2_Tk_FRn,100.0,100.0,100.0
3,LH2_Tk_FRSW;LH2_Tk_FRn;LH2_Tk_ITa,100.0,100.0,100.0
4,LH2_Tk_FRSW;LH2_Tk_FRn;LH2_Tk_ITa;LH2_Tk_PLN,100.0,100.0,100.0
3,LH2_Tk_FRSW;LH2_Tk_FRn;LH2_Tk_PLN,100.0,100.0,100.0
2,LH2_Tk_FRSW;LH2_Tk_ITa,100.0,100.0,100.0
3,LH2_Tk_FRSW;LH2_Tk_ITa;LH2_Tk_PLN,100.0,100.0,100.0
2,LH2_Tk_FRSW;LH2_Tk_PLN,100.0,100.0,100.0
1,LH2_Tk_FRW,100.0,100.0,100.0
2,LH2_Tk_FRW;LH2_Tk_FRn,100.0,100.0,100.0
3,LH2_Tk_FRW;LH2_Tk_FRn;LH2_Tk_ITa,100.0,100.0,100.0
4,LH2_Tk_FRW;LH2_Tk_FRn;LH2_Tk_ITa;LH2_Tk_PLN,100.0,100.0,100.0
3,LH2_Tk_FRW;LH2_Tk_FRn;LH2_Tk_PLN,100.0,100.0,100.0
2,LH2_Tk_FRW;LH2_Tk_ITa,100.0,100.0,100.0
3,LH2_Tk_FRW;LH2_Tk_ITa;LH2_Tk_PLN,100.0,100.0,100.0
2,LH2_Tk_FRW;LH2_Tk_PLN,100.0,100.0,100.0
1,LH2_Tk_FRn,100.0,100.0,100.0
2,LH2_Tk_FRn;LH2_Tk_ITa,100.0,100.0,100.0
3,LH2_Tk_FRn;LH2_Tk_ITa;LH2_Tk_PLN,100.0,100.0,100.0
2,LH2_Tk_FRn;LH2_Tk_PLN,100.0,100.0,100.0
1,LH2_Tk_ITa,100.0,100.0,100.0
2,LH2_Tk_ITa;LH2_Tk_PLN,100.0,100.0,100.0
1,LH2_Tk_PLN,100.0,100.0,100.0
