scenario_id,year,level,quantile,eho_industry_twh,eu_coverage_weight,import_share,configuration,served_gwh,target_gwh,unmet_pct
2030_PCIPMI_0.25,2030,PCI/PMI,0.25,266.90872250404067,0.9167120919121211,0.1,graph,20926.511679578703,24467.845335627102,14.473418510995483
2030_PCIPMI_0.25,2030,PCI/PMI,0.25,266.90872250404067,0.9167120919121211,0.1,topology_free,24467.845335627102,24467.845335627102,0.0
2030_PCIPMI_0.25,2030,PCI/PMI,0.25,266.90872250404067,0.9167120919121211,0.1,duplicated_pool,20926.511679578703,24467.845335627102,14.473418510995483
2030_PCIPMI_0.25,2030,PCI/PMI,0.25,266.90872250404067,0.9167120919121211,0.1,additive_phases,20926.511679578703,24467.845335627102,14.473418510995483
2030_PCIPMI_0.25,2030,PCI/PMI,0.25,266.90872250404067,0.9167120919121211,0.1,advanced_carriers,20926.511679578703,24467.845335627102,14.473418510995483
2030_PCIPMI_0.25,2030,PCI/PMI,0.25,266.90872250404067,0.9167120919121211,0.1,conversion_adjusted,20926.511679578703,24467.845335627102,14.473418510995483
2030_PCIPMI_0.5,2030,PCI/PMI,0.5,293.06784807478266,0.9167120919121211,0.1,graph,22977.472178913486,26865.884008081775,14.473418510995506
2030_PCIPMI_0.5,2030,PCI/PMI,0.5,293.06784807478266,0.9167120919121211,0.1,topology_free,26865.88400808177,26865.884008081775,1.1102230246251565e-14
2030_PCIPMI_0.5,2030,PCI/PMI,0.5,293.06784807478266,0.9167120919121211,0.1,duplicated_pool,22977.472178913486,26865.884008081775,14.473418510995506
2030_PCIPMI_0.5,2030,PCI/PMI,0.5,293.06784807478266,0.9167120919121211,0.1,additive_phases,22977.472178913486,26865.884008081775,14.473418510995506
2030_PCIPMI_0.5,2030,PCI/PMI,0.5,293.06784807478266,0.9167120919121211,0.1,advanced_carriers,22977.47217891349,26865.884008081775,14.473418510995495
2030_PCIPMI_0.5,2030,PCI/PMI,0.5,293.06784807478266,0.9167120919121211,0.1,conversion_adjusted,22977.472178913486,26865.884008081775,14.473418510995506
2030_PCIPMI_0.75,2030,PCI/PMI,0.75,396.897,0.9167120919121211,0.1,graph,31118.01528316112,36384.027914364524,14.473418510995495
2030_PCIPMI_0.75,2030,PCI/PMI,0.75,396.897,0.9167120919121211,0.1,topology_free,36384.02791436453,36384.027914364524,-2.220446049250313e-14
2030_PCIPMI_0.75,2030,PCI/PMI,0.75,396.897,0.9167120919121211,0.1,duplicated_pool,31118.01528316112,36384.027914364524,14.473418510995495
2030_PCIPMI_0.75,2030,PCI/PMI,0.75,396.897,0.9167120919121211,0.1,additive_phases,31118.01528316112,36384.027914364524,14.473418510995495
2030_PCIPMI_0.75,2030,PCI/PMI,0.75,396.897,0.9167120919121211,0.1,advanced_carriers,31118.015283161123,36384.027914364524,14.473418510995483
2030_PCIPMI_0.75,2030,PCI/PMI,0.75,396.897,0.9167120919121211,0.1,conversion_adjusted,31118.01528316112,36384.027914364524,14.473418510995495
2030_Advanced_0.25,2030,Advanced,0.25,266.90872250404067,0.9167120919121211,0.1,graph,22531.781434857647,24467.845335627102,7.912686524752521
2030_Advanced_0.25,2030,Advanced,0.25,266.90872250404067,0.9167120919121211,0.1,topology_free,24467.845335627102,24467.845335627102,0.0
2030_Advanced_0.25,2030,Advanced,0.25,266.90872250404067,0.9167120919121211,0.1,duplicated_pool,22531.781434857647,24467.845335627102,7.912686524752521
2030_Advanced_0.25,2030,Advanced,0.25,266.90872250404067,0.9167120919121211,0.1,additive_phases,22531.781434857647,24467.845335627102,7.912686524752521
2030_Advanced_0.25,2030,Advanced,0.25,266.90872250404067,0.9167120919121211,0.1,advanced_carriers,22531.781434857643,24467.845335627102,7.9126865247525435
2030_Advanced_0.25,2030,Advanced,0.25,266.90872250404067,0.9167120919121211,0.1,conversion_adjusted,22531.781434857647,24467.845335627102,7.912686524752521
2030_Advanced_0.5,2030,Advanced,0.5,293.06784807478266,0.9167120919121211,0.1,graph,24740.070824418635,26865.884008081775,7.912686524752566
2030_Advanced_0.5,2030,Advanced,0.5,293.06784807478266,0.9167120919121211,0.1,topology_free,26865.88400808177,26865.884008081775,1.1102230246251565e-14
2030_Advanced_0.5,2030,Advanced,0.5,293.06784807478266,0.9167120919121211,0.1,duplicated_pool,24740.070824418635,26865.884008081775,7.912686524752566
2030_Advanced_0.5,2030,Advanced,0.5,293.06784807478266,0.9167120919121211,0.1,additive_phases,24740.070824418635,26865.884008081775,7.912686524752566
2030_Advanced_0.5,2030,Advanced,0.5,293.06784807478266,0.9167120919121211,0.1,advanced_carriers,24740.070824418635,26865.884008081775,7.912686524752566
2030_Advanced_0.5,2030,Advanced,0.5,293.06784807478266,0.9167120919121211,0.1,conversion_adjusted,24740.070824418635,26865.884008081775,7.912686524752566
2030_Advanced_0.75,2030,Advanced,0.75,396.897,0.9167120919121211,0.1,graph,33505.0738404224,36384.027914364524,7.912686524752532
2030_Advanced_0.75,2030,Advanced,0.75,396.897,0.9167120919121211,0.1,topology_free,36384.02791436453,36384.027914364524,-2.220446049250313e-14
2030_Advanced_0.75,2030,Advanced,0.75,396.897,0.9167120919121211,0.1,duplicated_pool,33505.0738404224,36384.027914364524,7.912686524752532
2030_Advanced_0.75,2030,Advanced,0.75,396.897,0.9167120919121211,0.1,additive_phases,33505.0738404224,36384.027914364524,7.912686524752532
2030_Advanced_0.75,2030,Advanced,0.75,396.897,0.9167120919121211,0.1,advanced_carriers,33505.0738404224,36384.027914364524,7.912686524752532
2030_Advanced_0.75,2030,Advanced,0.75,396.897,0.9167120919121211,0.1,conversion_adjusted,33505.0738404224,36384.027914364524,7.912686524752532
2040_PCIPMI_0.25,2040,PCI/PMI,0.25,379.6612275514279,0.9167120919121211,0.1,graph,30563.40491860415,34804.003812659335,12.18422718512847
2040_PCIPMI_0.25,2040,PCI/PMI,0.25,379.6612275514279,0.9167120919121211,0.1,topology_free,34804.003812659335,34804.003812659335,0.0
2040_PCIPMI_0.25,2040,PCI/PMI,0.25,379.6612275514279,0.9167120919121211,0.1,duplicated_pool,30563.40491860415,34804.003812659335,12.18422718512847
2040_PCIPMI_0.25,2040,PCI/PMI,0.25,379.6612275514279,0.9167120919121211,0.1,additive_phases,30563.40491860415,34804.003812659335,12.18422718512847
2040_PCIPMI_0.25,2040,PCI/PMI,0.25,379.6612275514279,0.9167120919121211,0.1,advanced_carriers,30563.404918604145,34804.003812659335,12.184227185128481
2040_PCIPMI_0.25,2040,PCI/PMI,0.25,379.6612275514279,0.9167120919121211,0.1,conversion_adjusted,30563.40491860415,34804.003812659335,12.18422718512847
2040_PCIPMI_0.5,2040,PCI/PMI,0.5,513.7826313050286,0.9167120919121211,0.1,graph,41360.416764164875,47099.07507317469,12.18422718512846
2040_PCIPMI_0.5,2040,PCI/PMI,0.5,513.7826313050286,0.9167120919121211,0.1,topology_free,47099.075073174696,47099.07507317469,-2.220446049250313e-14
2040_PCIPMI_0.5,2040,PCI/PMI,0.5,513.7826313050286,0.9167120919121211,0.1,duplicated_pool,41360.416764164875,47099.07507317469,12.18422718512846
2040_PCIPMI_0.5,2040,PCI/PMI,0.5,513.7826313050286,0.9167120919121211,0.1,additive_phases,41360.416764164875,47099.07507317469,12.18422718512846
2040_PCIPMI_0.5,2040,PCI/PMI,0.5,513.7826313050286,0.9167120919121211,0.1,advanced_carriers,34383.00000000001,47099.07507317469,26.998566433456627
2040_PCIPMI_0.5,2040,PCI/PMI,0.5,513.7826313050286,0.9167120919121211,0.1,conversion_adjusted,41360.416764164875,47099.07507317469,12.18422718512846
2040_PCIPMI_0.75,2040,PCI/PMI,0.75,560.25,0.9167120919121211,0.1,graph,45101.12269320025,51358.79494937659,12.184227185128504
2040_PCIPMI_0.75,2040,PCI/PMI,0.75,560.25,0.9167120919121211,0.1,topology_free,51358.79494937659,51358.79494937659,0.0
2040_PCIPMI_0.75,2040,PCI/PMI,0.75,560.25,0.9167120919121211,0.1,duplicated_pool,45101.12269320025,51358.79494937659,12.184227185128504
2040_PCIPMI_0.75,2040,PCI/PMI,0.75,560.25,0.9167120919121211,0.1,additive_phases,45101.12269320025,51358.79494937659,12.184227185128504
2040_PCIPMI_0.75,2040,PCI/PMI,0.75,560.25,0.9167120919121211,0.1,advanced_carriers,34383.0,51358.79494937659,33.05333578427866
2040_PCIPMI_0.75,2040,PCI/PMI,0.75,560.25,0.9167120919121211,0.1,conversion_adjusted,45101.12269320025,51358.79494937659,12.184227185128504
2040_Advanced_0.25,2040,Advanced,0.25,379.6612275514279,0.9167120919121211,0.1,graph,32050.072092900686,34804.003812659335,7.912686524752521
2040_Advanced_0.25,2040,Advanced,0.25,379.6612275514279,0.9167120919121211,0.1,topology_free,34804.003812659335,34804.003812659335,0.0
2040_Advanced_0.25,2040,Advanced,0.25,379.6612275514279,0.9167120919121211,0.1,duplicated_pool,32050.072092900686,34804.003812659335,7.912686524752521
2040_Advanced_0.25,2040,Advanced,0.25,379.6612275514279,0.9167120919121211,0.1,additive_phases,32050.072092900686,34804.003812659335,7.912686524752521
2040_Advanced_0.25,2040,Advanced,0.25,379.6612275514279,0.9167120919121211,0.1,advanced_carriers,32050.072092900682,34804.003812659335,7.912686524752532
2040_Advanced_0.25,2040,Advanced,0.25,379.6612275514279,0.9167120919121211,0.1,conversion_adjusted,32050.072092900686,34804.003812659335,7.912686524752521
2040_Advanced_0.5,2040,Advanced,0.5,513.7826313050286,0.9167120919121211,0.1,graph,43372.27290657652,47099.07507317469,7.912686524752521
2040_Advanced_0.5,2040,Advanced,0.5,513.7826313050286,0.9167120919121211,0.1,topology_free,47099.075073174696,47099.07507317469,-2.220446049250313e-14
2040_Advanced_0.5,2040,Advanced,0.5,513.7826313050286,0.9167120919121211,0.1,duplicated_pool,43372.27290657652,47099.07507317469,7.912686524752521
2040_Advanced_0.5,2040,Advanced,0.5,513.7826313050286,0.9167120919121211,0.1,additive_phases,43372.27290657652,47099.07507317469,7.912686524752521
2040_Advanced_0.5,2040,Advanced,0.5,513.7826313050286,0.9167120919121211,0.1,advanced_carriers,40843.5,47099.07507317469,13.28173655948831
2040_Advanced_0.5,2040,Advanced,0.5,513.7826313050286,0.9167120919121211,0.1,conversion_adjusted,43372.27290657652,47099.07507317469,7.912686524752521
2040_Advanced_0.75,2040,Advanced,0.75,560.25,0.9167120919121211,0.1,graph,47294.93450214197,51358.79494937659,7.912686524752555
2040_Advanced_0.75,2040,Advanced,0.75,560.25,0.9167120919121211,0.1,topology_free,51358.79494937659,51358.79494937659,0.0
2040_Advanced_0.75,2040,Advanced,0.75,560.25,0.9167120919121211,0.1,duplicated_pool,47294.93450214197,51358.79494937659,7.912686524752555
2040_Advanced_0.75,2040,Advanced,0.75,560.25,0.9167120919121211,0.1,additive_phases,47294.93450214197,51358.79494937659,7.912686524752555
2040_Advanced_0.75,2040,Advanced,0.75,560.25,0.9167120919121211,0.1,advanced_carriers,40843.50000000001,51358.79494937659,20.4741855017068
2040_Advanced_0.75,2040,Advanced,0.75,560.25,0.9167120919121211,0.1,conversion_adjusted,47294.93450214197,51358.79494937659,7.912686524752555
2030_PCIPMI_0.25,2030,PCI/PMI,0.25,266.90872250404067,0.9167120919121211,0.2,graph,41853.0233591574,48935.690671254204,14.473418510995506
2030_PCIPMI_0.25,2030,PCI/PMI,0.25,266.90872250404067,0.9167120919121211,0.2,topology_free,48935.69067125422,48935.690671254204,-2.220446049250313e-14
2030_PCIPMI_0.25,2030,PCI/PMI,0.25,266.90872250404067,0.9167120919121211,0.2,duplicated_pool,41853.0233591574,48935.690671254204,14.473418510995506
2030_PCIPMI_0.25,2030,PCI/PMI,0.25,266.90872250404067,0.9167120919121211,0.2,additive_phases,41853.0233591574,48935.690671254204,14.473418510995506
2030_PCIPMI_0.25,2030,PCI/PMI,0.25,266.90872250404067,0.9167120919121211,0.2,advanced_carriers,33142.0,48935.690671254204,32.27437981279322
2030_PCIPMI_0.25,2030,PCI/PMI,0.25,266.90872250404067,0.9167120919121211,0.2,conversion_adjusted,41853.0233591574,48935.690671254204,14.473418510995506
2030_PCIPMI_0.5,2030,PCI/PMI,0.5,293.06784807478266,0.9167120919121211,0.2,graph,45954.944357826986,53731.76801616355,14.473418510995483
2030_PCIPMI_0.5,2030,PCI/PMI,0.5,293.06784807478266,0.9167120919121211,0.2,topology_free,53731.768016163536,53731.76801616355,2.220446049250313e-14
2030_PCIPMI_0.5,2030,PCI/PMI,0.5,293.06784807478266,0.9167120919121211,0.2,duplicated_pool,45954.944357826986,53731.76801616355,14.473418510995483
2030_PCIPMI_0.5,2030,PCI/PMI,0.5,293.06784807478266,0.9167120919121211,0.2,additive_phases,45954.944357826986,53731.76801616355,14.473418510995483
2030_PCIPMI_0.5,2030,PCI/PMI,0.5,293.06784807478266,0.9167120919121211,0.2,advanced_carriers,33142.0,53731.76801616355,38.31954312385506
2030_PCIPMI_0.5,2030,PCI/PMI,0.5,293.06784807478266,0.9167120919121211,0.2,conversion_adjusted,45954.944357826986,53731.76801616355,14.473418510995483
2030_PCIPMI_0.75,2030,PCI/PMI,0.75,396.897,0.9167120919121211,0.2,graph,62236.03056632223,72768.05582872905,14.473418510995506
2030_PCIPMI_0.75,2030,PCI/PMI,0.75,396.897,0.9167120919121211,0.2,topology_free,70919.50000000001,72768.05582872905,2.5403397241777315
2030_PCIPMI_0.75,2030,PCI/PMI,0.75,396.897,0.9167120919121211,0.2,duplicated_pool,62236.03056632223,72768.05582872905,14.473418510995506
2030_PCIPMI_0.75,2030,PCI/PMI,0.75,396.897,0.9167120919121211,0.2,additive_phases,62236.03056632223,72768.05582872905,14.473418510995506
2030_PCIPMI_0.75,2030,PCI/PMI,0.75,396.897,0.9167120919121211,0.2,advanced_carriers,33142.0,72768.05582872905,54.45528999977015
2030_PCIPMI_0.75,2030,PCI/PMI,0.75,396.897,0.9167120919121211,0.2,conversion_adjusted,62236.03056632223,72768.05582872905,14.473418510995506
2030_Advanced_0.25,2030,Advanced,0.25,266.90872250404067,0.9167120919121211,0.2,graph,45063.562869715286,48935.690671254204,7.9126865247525435
2030_Advanced_0.25,2030,Advanced,0.25,266.90872250404067,0.9167120919121211,0.2,topology_free,48935.69067125422,48935.690671254204,-2.220446049250313e-14
2030_Advanced_0.25,2030,Advanced,0.25,266.90872250404067,0.9167120919121211,0.2,duplicated_pool,45063.562869715286,48935.690671254204,7.9126865247525435
2030_Advanced_0.25,2030,Advanced,0.25,266.90872250404067,0.9167120919121211,0.2,additive_phases,45063.562869715286,48935.690671254204,7.9126865247525435
2030_Advanced_0.25,2030,Advanced,0.25,266.90872250404067,0.9167120919121211,0.2,advanced_carriers,40843.50000000001,48935.690671254204,16.536377764885025
2030_Advanced_0.25,2030,Advanced,0.25,266.90872250404067,0.9167120919121211,0.2,conversion_adjusted,45063.562869715286,48935.690671254204,7.9126865247525435
2030_Advanced_0.5,2030,Advanced,0.5,293.06784807478266,0.9167120919121211,0.2,graph,49480.14164883727,53731.76801616355,7.912686524752566
2030_Advanced_0.5,2030,Advanced,0.5,293.06784807478266,0.9167120919121211,0.2,topology_free,53731.768016163536,53731.76801616355,2.220446049250313e-14
2030_Advanced_0.5,2030,Advanced,0.5,293.06784807478266,0.9167120919121211,0.2,duplicated_pool,49480.14164883727,53731.76801616355,7.912686524752566
2030_Advanced_0.5,2030,Advanced,0.5,293.06784807478266,0.9167120919121211,0.2,additive_phases,49480.14164883727,53731.76801616355,7.912686524752566
2030_Advanced_0.5,2030,Advanced,0.5,293.06784807478266,0.9167120919121211,0.2,advanced_carriers,40843.5,53731.76801616355,23.98630920219582
2030_Advanced_0.5,2030,Advanced,0.5,293.06784807478266,0.9167120919121211,0.2,conversion_adjusted,49480.14164883727,53731.76801616355,7.912686524752566
2030_Advanced_0.75,2030,Advanced,0.75,396.897,0.9167120919121211,0.2,graph,67010.14768084479,72768.05582872905,7.912686524752555
2030_Advanced_0.75,2030,Advanced,0.75,396.897,0.9167120919121211,0.2,topology_free,72768.05582872906,72768.05582872905,-2.220446049250313e-14
2030_Advanced_0.75,2030,Advanced,0.75,396.897,0.9167120919121211,0.2,duplicated_pool,67010.14768084479,72768.05582872905,7.912686524752555
2030_Advanced_0.75,2030,Advanced,0.75,396.897,0.9167120919121211,0.2,additive_phases,67010.14768084479,72768.05582872905,7.912686524752555
2030_Advanced_0.75,2030,Advanced,0.75,396.897,0.9167120919121211,0.2,advanced_carriers,40843.50000000001,72768.05582872905,43.87166245566386
2030_Advanced_0.75,2030,Advanced,0.75,396.897,0.9167120919121211,0.2,conversion_adjusted,67010.14768084479,72768.05582872905,7.912686524752555
2040_PCIPMI_0.25,2040,PCI/PMI,0.25,379.6612275514279,0.9167120919121211,0.2,graph,61126.80983720829,69608.00762531867,12.184227185128481
2040_PCIPMI_0.25,2040,PCI/PMI,0.25,379.6612275514279,0.9167120919121211,0.2,topology_free,69608.00762531867,69608.00762531867,0.0
2040_PCIPMI_0.25,2040,PCI/PMI,0.25,379.6612275514279,0.9167120919121211,0.2,duplicated_pool,61126.80983720829,69608.00762531867,12.184227185128481
2040_PCIPMI_0.25,2040,PCI/PMI,0.25,379.6612275514279,0.9167120919121211,0.2,additive_phases,61126.80983720829,69608.00762531867,12.184227185128481
2040_PCIPMI_0.25,2040,PCI/PMI,0.25,379.6612275514279,0.9167120919121211,0.2,advanced_carriers,34383.0,69608.00762531867,50.60482094951703
2040_PCIPMI_0.25,2040,PCI/PMI,0.25,379.6612275514279,0.9167120919121211,0.2,conversion_adjusted,61126.80983720829,69608.00762531867,12.184227185128481
2040_PCIPMI_0.5,2040,PCI/PMI,0.5,513.7826313050286,0.9167120919121211,0.2,graph,82720.83352832975,94198.15014634938,12.18422718512846
2040_PCIPMI_0.5,2040,PCI/PMI,0.5,513.7826313050286,0.9167120919121211,0.2,topology_free,94198.15014634939,94198.15014634938,-2.220446049250313e-14
2040_PCIPMI_0.5,2040,PCI/PMI,0.5,513.7826313050286,0.9167120919121211,0.2,duplicated_pool,82720.83352832975,94198.15014634938,12.18422718512846
2040_PCIPMI_0.5,2040,PCI/PMI,0.5,513.7826313050286,0.9167120919121211,0.2,additive_phases,82720.83352832975,94198.15014634938,12.18422718512846
2040_PCIPMI_0.5,2040,PCI/PMI,0.5,513.7826313050286,0.9167120919121211,0.2,advanced_carriers,34383.0,94198.15014634938,63.49928321672833
2040_PCIPMI_0.5,2040,PCI/PMI,0.5,513.7826313050286,0.9167120919121211,0.2,conversion_adjusted,82720.83352832975,94198.15014634938,12.18422718512846
2040_PCIPMI_0.75,2040,PCI/PMI,0.75,560.25,0.9167120919121211,0.2,graph,90202.24538640048,102717.58989875318,12.184227185128515
2040_PCIPMI_0.75,2040,PCI/PMI,0.75,560.25,0.9167120919121211,0.2,topology_free,102717.5898987532,102717.58989875318,-2.220446049250313e-14
2040_PCIPMI_0.75,2040,PCI/PMI,0.75,560.25,0.9167120919121211,0.2,duplicated_pool,90202.24538640048,102717.58989875318,12.184227185128515
2040_PCIPMI_0.75,2040,PCI/PMI,0.75,560.25,0.9167120919121211,0.2,additive_phases,90202.24538640048,102717.58989875318,12.184227185128515
2040_PCIPMI_0.75,2040,PCI/PMI,0.75,560.25,0.9167120919121211,0.2,advanced_carriers,34383.0,102717.58989875318,66.52666789213933
2040_PCIPMI_0.75,2040,PCI/PMI,0.75,560.25,0.9167120919121211,0.2,conversion_adjusted,90202.24538640048,102717.58989875318,12.184227185128515
2040_Advanced_0.25,2040,Advanced,0.25,379.6612275514279,0.9167120919121211,0.2,graph,64100.14418580137,69608.00762531867,7.912686524752521
2040_Advanced_0.25,2040,Advanced,0.25,379.6612275514279,0.9167120919121211,0.2,topology_free,69608.00762531867,69608.00762531867,0.0
2040_Advanced_0.25,2040,Advanced,0.25,379.6612275514279,0.9167120919121211,0.2,duplicated_pool,64100.14418580137,69608.00762531867,7.912686524752521
2040_Advanced_0.25,2040,Advanced,0.25,379.6612275514279,0.9167120919121211,0.2,additive_phases,64100.14418580137,69608.00762531867,7.912686524752521
2040_Advanced_0.25,2040,Advanced,0.25,379.6612275514279,0.9167120919121211,0.2,advanced_carriers,40843.5,69608.00762531867,41.323561191623725
2040_Advanced_0.25,2040,Advanced,0.25,379.6612275514279,0.9167120919121211,0.2,conversion_adjusted,64100.14418580137,69608.00762531867,7.912686524752521
2040_Advanced_0.5,2040,Advanced,0.5,513.7826313050286,0.9167120919121211,0.2,graph,86744.54581315305,94198.15014634938,7.912686524752521
2040_Advanced_0.5,2040,Advanced,0.5,513.7826313050286,0.9167120919121211,0.2,topology_free,94198.15014634939,94198.15014634938,-2.220446049250313e-14
2040_Advanced_0.5,2040,Advanced,0.5,513.7826313050286,0.9167120919121211,0.2,duplicated_pool,86744.54581315305,94198.15014634938,7.912686524752521
2040_Advanced_0.5,2040,Advanced,0.5,513.7826313050286,0.9167120919121211,0.2,additive_phases,86744.54581315305,94198.15014634938,7.912686524752521
2040_Advanced_0.5,2040,Advanced,0.5,513.7826313050286,0.9167120919121211,0.2,advanced_carriers,40843.5,94198.15014634938,56.64086827974415
2040_Advanced_0.5,2040,Advanced,0.5,513.7826313050286,0.9167120919121211,0.2,conversion_adjusted,86744.54581315305,94198.15014634938,7.912686524752521
2040_Advanced_0.75,2040,Advanced,0.75,560.25,0.9167120919121211,0.2,graph,94589.86900428394,102717.58989875318,7.912686524752555
2040_Advanced_0.75,2040,Advanced,0.75,560.25,0.9167120919121211,0.2,topology_free,102717.5898987532,102717.58989875318,-2.220446049250313e-14
2040_Advanced_0.75,2040,Advanced,0.75,560.25,0.9167120919121211,0.2,duplicated_pool,94589.86900428394,102717.58989875318,7.912686524752555
2040_Advanced_0.75,2040,Advanced,0.75,560.25,0.9167120919121211,0.2,additive_phases,94589.86900428394,102717.58989875318,7.912686524752555
2040_Advanced_0.75,2040,Advanced,0.75,560.25,0.9167120919121211,0.2,advanced_carriers,40843.5,102717.58989875318,60.23709275085341
2040_Advanced_0.75,2040,Advanced,0.75,560.25,0.9167120919121211,0.2,conversion_adjusted,94589.86900428394,102717.58989875318,7.912686524752555
2030_PCIPMI_0.25,2030,PCI/PMI,0.25,266.90872250404067,0.9167120919121211,0.3,graph,62779.5350387361,73403.5360068813,14.473418510995495
2030_PCIPMI_0.25,2030,PCI/PMI,0.25,266.90872250404067,0.9167120919121211,0.3,topology_free,70919.50000000001,73403.5360068813,3.3840822145794425
2030_PCIPMI_0.25,2030,PCI/PMI,0.25,266.90872250404067,0.9167120919121211,0.3,duplicated_pool,62779.5350387361,73403.5360068813,14.473418510995495
2030_PCIPMI_0.25,2030,PCI/PMI,0.25,266.90872250404067,0.9167120919121211,0.3,additive_phases,62779.5350387361,73403.5360068813,14.473418510995495
2030_PCIPMI_0.25,2030,PCI/PMI,0.25,266.90872250404067,0.9167120919121211,0.3,advanced_carriers,33142.0,73403.5360068813,54.84958654186215
2030_PCIPMI_0.25,2030,PCI/PMI,0.25,266.90872250404067,0.9167120919121211,0.3,conversion_adjusted,62779.5350387361,73403.5360068813,14.473418510995495
2030_PCIPMI_0.5,2030,PCI/PMI,0.5,293.06784807478266,0.9167120919121211,0.3,graph,68932.41653674045,80597.65202424531,14.473418510995506
2030_PCIPMI_0.5,2030,PCI/PMI,0.5,293.06784807478266,0.9167120919121211,0.3,topology_free,70919.5,80597.65202424531,12.007982591520083
2030_PCIPMI_0.5,2030,PCI/PMI,0.5,293.06784807478266,0.9167120919121211,0.3,duplicated_pool,68932.41653674045,80597.65202424531,14.473418510995506
2030_PCIPMI_0.5,2030,PCI/PMI,0.5,293.06784807478266,0.9167120919121211,0.3,additive_phases,68932.41653674045,80597.65202424531,14.473418510995506
2030_PCIPMI_0.5,2030,PCI/PMI,0.5,293.06784807478266,0.9167120919121211,0.3,advanced_carriers,33142.0,80597.65202424531,58.87969541590336
2030_PCIPMI_0.5,2030,PCI/PMI,0.5,293.06784807478266,0.9167120919121211,0.3,conversion_adjusted,68932.41653674045,80597.65202424531,14.473418510995506
2030_PCIPMI_0.75,2030,PCI/PMI,0.75,396.897,0.9167120919121211,0.3,graph,70919.5,109152.08374309355,35.02689314945182
2030_PCIPMI_0.75,2030,PCI/PMI,0.75,396.897,0.9167120919121211,0.3,topology_free,70919.5,109152.08374309355,35.02689314945182
2030_PCIPMI_0.75,2030,PCI/PMI,0.75,396.897,0.9167120919121211,0.3,duplicated_pool,70919.5,109152.08374309355,35.02689314945182
2030_PCIPMI_0.75,2030,PCI/PMI,0.75,396.897,0.9167120919121211,0.3,additive_phases,70919.5,109152.08374309355,35.02689314945182
2030_PCIPMI_0.75,2030,PCI/PMI,0.75,396.897,0.9167120919121211,0.3,advanced_carriers,33142.0,109152.08374309355,69.63685999984676
2030_PCIPMI_0.75,2030,PCI/PMI,0.75,396.897,0.9167120919121211,0.3,conversion_adjusted,70919.5,109152.08374309355,35.02689314945182
2030_Advanced_0.25,2030,Advanced,0.25,266.90872250404067,0.9167120919121211,0.3,graph,67595.34430457292,73403.5360068813,7.9126865247525435
2030_Advanced_0.25,2030,Advanced,0.25,266.90872250404067,0.9167120919121211,0.3,topology_free,73403.5360068813,73403.5360068813,0.0
2030_Advanced_0.25,2030,Advanced,0.25,266.90872250404067,0.9167120919121211,0.3,duplicated_pool,67595.34430457292,73403.5360068813,7.9126865247525435
2030_Advanced_0.25,2030,Advanced,0.25,266.90872250404067,0.9167120919121211,0.3,additive_phases,67595.34430457292,73403.5360068813,7.9126865247525435
2030_Advanced_0.25,2030,Advanced,0.25,266.90872250404067,0.9167120919121211,0.3,advanced_carriers,40843.5,73403.5360068813,44.35758517659003
2030_Advanced_0.25,2030,Advanced,0.25,266.90872250404067,0.9167120919121211,0.3,conversion_adjusted,67595.34430457292,73403.5360068813,7.9126865247525435
2030_Advanced_0.5,2030,Advanced,0.5,293.06784807478266,0.9167120919121211,0.3,graph,74220.21247325589,80597.65202424531,7.912686524752566
2030_Advanced_0.5,2030,Advanced,0.5,293.06784807478266,0.9167120919121211,0.3,topology_free,80597.65202424531,80597.65202424531,0.0
2030_Advanced_0.5,2030,Advanced,0.5,293.06784807478266,0.9167120919121211,0.3,duplicated_pool,74220.21247325589,80597.65202424531,7.912686524752566
2030_Advanced_0.5,2030,Advanced,0.5,293.06784807478266,0.9167120919121211,0.3,additive_phases,74220.21247325589,80597.65202424531,7.912686524752566
2030_Advanced_0.5,2030,Advanced,0.5,293.06784807478266,0.9167120919121211,0.3,advanced_carriers,40843.5,80597.65202424531,49.32420613479721
2030_Advanced_0.5,2030,Advanced,0.5,293.06784807478266,0.9167120919121211,0.3,conversion_adjusted,74220.21247325589,80597.65202424531,7.912686524752566
2030_Advanced_0.75,2030,Advanced,0.75,396.897,0.9167120919121211,0.3,graph,93987.5,109152.08374309355,13.893077642737229
2030_Advanced_0.75,2030,Advanced,0.75,396.897,0.9167120919121211,0.3,topology_free,93987.50000000003,109152.08374309355,13.893077642737206
2030_Advanced_0.75,2030,Advanced,0.75,396.897,0.9167120919121211,0.3,duplicated_pool,93987.5,109152.08374309355,13.893077642737229
2030_Advanced_0.75,2030,Advanced,0.75,396.897,0.9167120919121211,0.3,additive_phases,93987.5,109152.08374309355,13.893077642737229
2030_Advanced_0.75,2030,Advanced,0.75,396.897,0.9167120919121211,0.3,advanced_carriers,40843.5,109152.08374309355,62.5811083037759
2030_Advanced_0.75,2030,Advanced,0.75,396.897,0.9167120919121211,0.3,conversion_adjusted,93987.5,109152.08374309355,13.893077642737229
2040_PCIPMI_0.25,2040,PCI/PMI,0.25,379.6612275514279,0.9167120919121211,0.3,graph,91690.21475581241,104412.011437978,12.184227185128494
2040_PCIPMI_0.25,2040,PCI/PMI,0.25,379.6612275514279,0.9167120919121211,0.3,topology_free,104412.011437978,104412.011437978,0.0
2040_PCIPMI_0.25,2040,PCI/PMI,0.25,379.6612275514279,0.9167120919121211,0.3,duplicated_pool,91690.21475581241,104412.011437978,12.184227185128494
2040_PCIPMI_0.25,2040,PCI/PMI,0.25,379.6612275514279,0.9167120919121211,0.3,additive_phases,91690.21475581241,104412.011437978,12.184227185128494
2040_PCIPMI_0.25,2040,PCI/PMI,0.25,379.6612275514279,0.9167120919121211,0.3,advanced_carriers,34383.0,104412.011437978,67.06988063301135
2040_PCIPMI_0.25,2040,PCI/PMI,0.25,379.6612275514279,0.9167120919121211,0.3,conversion_adjusted,91690.21475581241,104412.011437978,12.184227185128494
2040_PCIPMI_0.5,2040,PCI/PMI,0.5,513.7826313050286,0.9167120919121211,0.3,graph,124081.25029249457,141297.22521952406,12.184227185128494
2040_PCIPMI_0.5,2040,PCI/PMI,0.5,513.7826313050286,0.9167120919121211,0.3,topology_free,141297.2252195241,141297.22521952406,-2.220446049250313e-14
2040_PCIPMI_0.5,2040,PCI/PMI,0.5,513.7826313050286,0.9167120919121211,0.3,duplicated_pool,124081.25029249457,141297.22521952406,12.184227185128494
2040_PCIPMI_0.5,2040,PCI/PMI,0.5,513.7826313050286,0.9167120919121211,0.3,additive_phases,124081.25029249457,141297.22521952406,12.184227185128494
2040_PCIPMI_0.5,2040,PCI/PMI,0.5,513.7826313050286,0.9167120919121211,0.3,advanced_carriers,34383.0,141297.22521952406,75.66618881115221
2040_PCIPMI_0.5,2040,PCI/PMI,0.5,513.7826313050286,0.9167120919121211,0.3,conversion_adjusted,124081.25029249462,141297.22521952406,12.18422718512846
2040_PCIPMI_0.75,2040,PCI/PMI,0.75,560.25,0.9167120919121211,0.3,graph,135303.36807960077,154076.3848481298,12.184227185128494
2040_PCIPMI_0.75,2040,PCI/PMI,0.75,560.25,0.9167120919121211,0.3,topology_free,154076.3848481298,154076.3848481298,0.0
2040_PCIPMI_0.75,2040,PCI/PMI,0.75,560.25,0.9167120919121211,0.3,duplicated_pool,135303.36807960077,154076.3848481298,12.184227185128494
2040_PCIPMI_0.75,2040,PCI/PMI,0.75,560.25,0.9167120919121211,0.3,additive_phases,135303.36807960077,154076.3848481298,12.184227185128494
2040_PCIPMI_0.75,2040,PCI/PMI,0.75,560.25,0.9167120919121211,0.3,advanced_carriers,34383.0,154076.3848481298,77.68444526142622
2040_PCIPMI_0.75,2040,PCI/PMI,0.75,560.25,0.9167120919121211,0.3,conversion_adjusted,135303.36807960074,154076.3848481298,12.184227185128504
2040_Advanced_0.25,2040,Advanced,0.25,379.6612275514279,0.9167120919121211,0.3,graph,96150.21627870204,104412.011437978,7.912686524752532
2040_Advanced_0.25,2040,Advanced,0.25,379.6612275514279,0.9167120919121211,0.3,topology_free,104412.011437978,104412.011437978,0.0
2040_Advanced_0.25,2040,Advanced,0.25,379.6612275514279,0.9167120919121211,0.3,duplicated_pool,96150.21627870204,104412.011437978,7.912686524752532
2040_Advanced_0.25,2040,Advanced,0.25,379.6612275514279,0.9167120919121211,0.3,additive_phases,96150.21627870204,104412.011437978,7.912686524752532
2040_Advanced_0.25,2040,Advanced,0.25,379.6612275514279,0.9167120919121211,0.3,advanced_carriers,40843.5,104412.011437978,60.88237412774915
2040_Advanced_0.25,2040,Advanced,0.25,379.6612275514279,0.9167120919121211,0.3,conversion_adjusted,96150.21627870204,104412.011437978,7.912686524752532
2040_Advanced_0.5,2040,Advanced,0.5,513.7826313050286,0.9167120919121211,0.3,graph,130116.81871972955,141297.22521952406,7.912686524752532
2040_Advanced_0.5,2040,Advanced,0.5,513.7826313050286,0.9167120919121211,0.3,topology_free,141297.2252195241,141297.22521952406,-2.220446049250313e-14
2040_Advanced_0.5,2040,Advanced,0.5,513.7826313050286,0.9167120919121211,0.3,duplicated_pool,130116.81871972955,141297.22521952406,7.912686524752532
2040_Advanced_0.5,2040,Advanced,0.5,513.7826313050286,0.9167120919121211,0.3,additive_phases,130116.81871972955,141297.22521952406,7.912686524752532
2040_Advanced_0.5,2040,Advanced,0.5,513.7826313050286,0.9167120919121211,0.3,advanced_carriers,40843.5,141297.22521952406,71.0939121864961
2040_Advanced_0.5,2040,Advanced,0.5,513.7826313050286,0.9167120919121211,0.3,conversion_adjusted,130116.81871972956,141297.22521952406,7.912686524752521
2040_Advanced_0.75,2040,Advanced,0.75,560.25,0.9167120919121211,0.3,graph,141884.80350642593,154076.3848481298,7.912686524752555
2040_Advanced_0.75,2040,Advanced,0.75,560.25,0.9167120919121211,0.3,topology_free,154076.3848481298,154076.3848481298,0.0
2040_Advanced_0.75,2040,Advanced,0.75,560.25,0.9167120919121211,0.3,duplicated_pool,141884.80350642593,154076.3848481298,7.912686524752555
2040_Advanced_0.75,2040,Advanced,0.75,560.25,0.9167120919121211,0.3,additive_phases,141884.80350642593,154076.3848481298,7.912686524752555
2040_Advanced_0.75,2040,Advanced,0.75,560.25,0.9167120919121211,0.3,advanced_carriers,40843.5,154076.3848481298,73.49139516723561
2040_Advanced_0.75,2040,Advanced,0.75,560.25,0.9167120919121211,0.3,conversion_adjusted,141884.8035064259,154076.3848481298,7.912686524752576
2030_PCIPMI_0.25,2030,PCI/PMI,0.25,266.90872250404067,0.9167120919121211,1.0,graph,70919.5,244678.453356271,71.01522466437385
2030_PCIPMI_0.25,2030,PCI/PMI,0.25,266.90872250404067,0.9167120919121211,1.0,topology_free,70919.5,244678.453356271,71.01522466437385
2030_PCIPMI_0.25,2030,PCI/PMI,0.25,266.90872250404067,0.9167120919121211,1.0,duplicated_pool,70919.5,244678.453356271,71.01522466437385
2030_PCIPMI_0.25,2030,PCI/PMI,0.25,266.90872250404067,0.9167120919121211,1.0,additive_phases,70919.5,244678.453356271,71.01522466437385
2030_PCIPMI_0.25,2030,PCI/PMI,0.25,266.90872250404067,0.9167120919121211,1.0,advanced_carriers,33142.0,244678.453356271,86.45487596255865
2030_PCIPMI_0.25,2030,PCI/PMI,0.25,266.90872250404067,0.9167120919121211,1.0,conversion_adjusted,70919.5,244678.453356271,71.01522466437385
2030_PCIPMI_0.5,2030,PCI/PMI,0.5,293.06784807478266,0.9167120919121211,1.0,graph,70919.5,268658.84008081775,73.60239477745603
2030_PCIPMI_0.5,2030,PCI/PMI,0.5,293.06784807478266,0.9167120919121211,1.0,topology_free,70919.5,268658.84008081775,73.60239477745603
2030_PCIPMI_0.5,2030,PCI/PMI,0.5,293.06784807478266,0.9167120919121211,1.0,duplicated_pool,70919.5,268658.84008081775,73.60239477745603
2030_PCIPMI_0.5,2030,PCI/PMI,0.5,293.06784807478266,0.9167120919121211,1.0,additive_phases,70919.5,268658.84008081775,73.60239477745603
2030_PCIPMI_0.5,2030,PCI/PMI,0.5,293.06784807478266,0.9167120919121211,1.0,advanced_carriers,33142.0,268658.84008081775,87.66390862477101
2030_PCIPMI_0.5,2030,PCI/PMI,0.5,293.06784807478266,0.9167120919121211,1.0,conversion_adjusted,70919.5,268658.84008081775,73.60239477745603
2030_PCIPMI_0.75,2030,PCI/PMI,0.75,396.897,0.9167120919121211,1.0,graph,70919.5,363840.2791436452,80.50806794483555
2030_PCIPMI_0.75,2030,PCI/PMI,0.75,396.897,0.9167120919121211,1.0,topology_free,70919.5,363840.2791436452,80.50806794483555
2030_PCIPMI_0.75,2030,PCI/PMI,0.75,396.897,0.9167120919121211,1.0,duplicated_pool,70919.5,363840.2791436452,80.50806794483555
2030_PCIPMI_0.75,2030,PCI/PMI,0.75,396.897,0.9167120919121211,1.0,additive_phases,70919.5,363840.2791436452,80.50806794483555
2030_PCIPMI_0.75,2030,PCI/PMI,0.75,396.897,0.9167120919121211,1.0,advanced_carriers,33142.0,363840.2791436452,90.89105799995403
2030_PCIPMI_0.75,2030,PCI/PMI,0.75,396.897,0.9167120919121211,1.0,conversion_adjusted,70919.5,363840.2791436452,80.50806794483555
2030_Advanced_0.25,2030,Advanced,0.25,266.90872250404067,0.9167120919121211,1.0,graph,93987.50000000001,244678.453356271,61.58734097311509
2030_Advanced_0.25,2030,Advanced,0.25,266.90872250404067,0.9167120919121211,1.0,topology_free,93987.5,244678.453356271,61.58734097311509
2030_Advanced_0.25,2030,Advanced,0.25,266.90872250404067,0.9167120919121211,1.0,duplicated_pool,93987.50000000001,244678.453356271,61.58734097311509
2030_Advanced_0.25,2030,Advanced,0.25,266.90872250404067,0.9167120919121211,1.0,additive_phases,93987.50000000001,244678.453356271,61.58734097311509
2030_Advanced_0.25,2030,Advanced,0.25,266.90872250404067,0.9167120919121211,1.0,advanced_carriers,40843.5,244678.453356271,83.30727555297702
2030_Advanced_0.25,2030,Advanced,0.25,266.90872250404067,0.9167120919121211,1.0,conversion_adjusted,93987.50000000001,244678.453356271,61.58734097311509
2030_Advanced_0.5,2030,Advanced,0.5,293.06784807478266,0.9167120919121211,1.0,graph,93987.5,268658.84008081775,65.0160404281777
2030_Advanced_0.5,2030,Advanced,0.5,293.06784807478266,0.9167120919121211,1.0,topology_free,93987.50000000001,268658.84008081775,65.0160404281777
2030_Advanced_0.5,2030,Advanced,0.5,293.06784807478266,0.9167120919121211,1.0,duplicated_pool,93987.5,268658.84008081775,65.0160404281777
2030_Advanced_0.5,2030,Advanced,0.5,293.06784807478266,0.9167120919121211,1.0,additive_phases,93987.5,268658.84008081775,65.0160404281777
2030_Advanced_0.5,2030,Advanced,0.5,293.06784807478266,0.9167120919121211,1.0,advanced_carriers,40843.5,268658.84008081775,84.79726184043916
2030_Advanced_0.5,2030,Advanced,0.5,293.06784807478266,0.9167120919121211,1.0,conversion_adjusted,93987.5,268658.84008081775,65.0160404281777
2030_Advanced_0.75,2030,Advanced,0.75,396.897,0.9167120919121211,1.0,graph,93987.5,363840.2791436452,74.16792329282117
2030_Advanced_0.75,2030,Advanced,0.75,396.897,0.9167120919121211,1.0,topology_free,93987.5,363840.2791436452,74.16792329282117
2030_Advanced_0.75,2030,Advanced,0.75,396.897,0.9167120919121211,1.0,duplicated_pool,93987.5,363840.2791436452,74.16792329282117
2030_Advanced_0.75,2030,Advanced,0.75,396.897,0.9167120919121211,1.0,additive_phases,93987.5,363840.2791436452,74.16792329282117
2030_Advanced_0.75,2030,Advanced,0.75,396.897,0.9167120919121211,1.0,advanced_carriers,40843.5,363840.2791436452,88.77433249113278
2030_Advanced_0.75,2030,Advanced,0.75,396.897,0.9167120919121211,1.0,conversion_adjusted,93987.5,363840.2791436452,74.16792329282117
2040_PCIPMI_0.25,2040,PCI/PMI,0.25,379.6612275514279,0.9167120919121211,1.0,graph,177536.0,348040.03812659334,48.989776878651966
2040_PCIPMI_0.25,2040,PCI/PMI,0.25,379.6612275514279,0.9167120919121211,1.0,topology_free,177536.0,348040.03812659334,48.989776878651966
2040_PCIPMI_0.25,2040,PCI/PMI,0.25,379.6612275514279,0.9167120919121211,1.0,duplicated_pool,177536.0,348040.03812659334,48.989776878651966
2040_PCIPMI_0.25,2040,PCI/PMI,0.25,379.6612275514279,0.9167120919121211,1.0,additive_phases,177536.0,348040.03812659334,48.989776878651966
2040_PCIPMI_0.25,2040,PCI/PMI,0.25,379.6612275514279,0.9167120919121211,1.0,advanced_carriers,34383.0,348040.03812659334,90.1209641899034
2040_PCIPMI_0.25,2040,PCI/PMI,0.25,379.6612275514279,0.9167120919121211,1.0,conversion_adjusted,173631.59500000003,348040.03812659334,50.111603269953484
2040_PCIPMI_0.5,2040,PCI/PMI,0.5,513.7826313050286,0.9167120919121211,1.0,graph,177536.0,470990.7507317469,62.30584152147911
2040_PCIPMI_0.5,2040,PCI/PMI,0.5,513.7826313050286,0.9167120919121211,1.0,topology_free,177536.0,470990.7507317469,62.30584152147911
2040_PCIPMI_0.5,2040,PCI/PMI,0.5,513.7826313050286,0.9167120919121211,1.0,duplicated_pool,177536.0,470990.7507317469,62.30584152147911
2040_PCIPMI_0.5,2040,PCI/PMI,0.5,513.7826313050286,0.9167120919121211,1.0,additive_phases,177536.0,470990.7507317469,62.30584152147911
2040_PCIPMI_0.5,2040,PCI/PMI,0.5,513.7826313050286,0.9167120919121211,1.0,advanced_carriers,34383.0,470990.7507317469,92.69985664334567
2040_PCIPMI_0.5,2040,PCI/PMI,0.5,513.7826313050286,0.9167120919121211,1.0,conversion_adjusted,173631.59499999997,470990.7507317469,63.13481852239345
2040_PCIPMI_0.75,2040,PCI/PMI,0.75,560.25,0.9167120919121211,1.0,graph,177536.0,513587.9494937659,65.43221074890991
2040_PCIPMI_0.75,2040,PCI/PMI,0.75,560.25,0.9167120919121211,1.0,topology_free,177536.0,513587.9494937659,65.43221074890991
2040_PCIPMI_0.75,2040,PCI/PMI,0.75,560.25,0.9167120919121211,1.0,duplicated_pool,177536.0,513587.9494937659,65.43221074890991
2040_PCIPMI_0.75,2040,PCI/PMI,0.75,560.25,0.9167120919121211,1.0,additive_phases,177536.0,513587.9494937659,65.43221074890991
2040_PCIPMI_0.75,2040,PCI/PMI,0.75,560.25,0.9167120919121211,1.0,advanced_carriers,34383.0,513587.9494937659,93.30533357842786
2040_PCIPMI_0.75,2040,PCI/PMI,0.75,560.25,0.9167120919121211,1.0,conversion_adjusted,173631.595,513587.9494937659,66.19243205158037
2040_Advanced_0.25,2040,Advanced,0.25,379.6612275514279,0.9167120919121211,1.0,graph,200604.00000000003,348040.03812659334,42.361803808608386
2040_Advanced_0.25,2040,Advanced,0.25,379.6612275514279,0.9167120919121211,1.0,topology_free,200604.0,348040.03812659334,42.3618038086084
2040_Advanced_0.25,2040,Advanced,0.25,379.6612275514279,0.9167120919121211,1.0,duplicated_pool,200604.00000000003,348040.03812659334,42.361803808608386
2040_Advanced_0.25,2040,Advanced,0.25,379.6612275514279,0.9167120919121211,1.0,additive_phases,200604.00000000003,348040.03812659334,42.361803808608386
2040_Advanced_0.25,2040,Advanced,0.25,379.6612275514279,0.9167120919121211,1.0,advanced_carriers,40843.5,348040.03812659334,88.26471223832475
2040_Advanced_0.25,2040,Advanced,0.25,379.6612275514279,0.9167120919121211,1.0,conversion_adjusted,191962.36950000003,348040.03812659334,44.8447452961785
2040_Advanced_0.5,2040,Advanced,0.5,513.7826313050286,0.9167120919121211,1.0,graph,200604.0,470990.7507317469,57.408080798118654
2040_Advanced_0.5,2040,Advanced,0.5,513.7826313050286,0.9167120919121211,1.0,topology_free,200604.0,470990.7507317469,57.408080798118654
2040_Advanced_0.5,2040,Advanced,0.5,513.7826313050286,0.9167120919121211,1.0,duplicated_pool,200604.0,470990.7507317469,57.408080798118654
2040_Advanced_0.5,2040,Advanced,0.5,513.7826313050286,0.9167120919121211,1.0,additive_phases,200604.0,470990.7507317469,57.408080798118654
2040_Advanced_0.5,2040,Advanced,0.5,513.7826313050286,0.9167120919121211,1.0,advanced_carriers,40843.5,470990.7507317469,91.32817365594883
2040_Advanced_0.5,2040,Advanced,0.5,513.7826313050286,0.9167120919121211,1.0,conversion_adjusted,191962.36949999997,470990.7507317469,59.242857911379176
2040_Advanced_0.75,2040,Advanced,0.75,560.25,0.9167120919121211,1.0,graph,200604.0,513587.9494937659,60.94067234292946
2040_Advanced_0.75,2040,Advanced,0.75,560.25,0.9167120919121211,1.0,topology_free,200604.0,513587.9494937659,60.94067234292946
2040_Advanced_0.75,2040,Advanced,0.75,560.25,0.9167120919121211,1.0,duplicated_pool,200604.0,513587.9494937659,60.94067234292946
2040_Advanced_0.75,2040,Advanced,0.75,560.25,0.9167120919121211,1.0,additive_phases,200604.0,513587.9494937659,60.94067234292946
2040_Advanced_0.75,2040,Advanced,0.75,560.25,0.9167120919121211,1.0,advanced_carriers,40843.5,513587.9494937659,92.04741855017068
2040_Advanced_0.75,2040,Advanced,0.75,560.25,0.9167120919121211,1.0,conversion_adjusted,191962.3695,513587.9494937659,62.623272277082485
