draw,seed,selection,worst_dcr_pct,mean_dcr_pct,total_unmet_gwh
0,20260907,LH2_Tk_BE|BEh2;LH2_Tk_DEbp|DEh2bp;LH2_Tk_DE|DEh2;LH2_Tk_FRSW|FRh2SW,77.89467764213327,58.62625657537126,1044722.773981509
1,20260907,LH2_Tk_BE|BEh2;LH2_Tk_DEbp|DEh2bp;LH2_Tk_DE|DEh2;LH2_Tk_FRW|FRh2,77.89467764213327,58.62625657537126,1044722.773981509
2,20260907,LH2_Tk_BE|BEh2;LH2_Tk_DEbp|DEh2bp;LH2_Tk_DE|DEh2;LH2_Tk_FRn|FRh2N,77.89467764213327,53.689659860546335,939602.773981509
3,20260907,LH2_Tk_BE|BEh2;LH2_Tk_DEbp|DEh2bp;LH2_Tk_DE|DEh2;LH2_Tk_ITa|IB-ITh2,77.89467764213327,58.62625657537126,1044722.773981509
4,20260907,LH2_Tk_BE|BEh2;LH2_Tk_DEbp|DEh2bp;LH2_Tk_DE|DEh2;LH2_Tk_NL|NLh2,55.716077972582994,22.998047401686204,404385.1884554238
5,20260907,LH2_Tk_BE|BEh2;LH2_Tk_DEbp|DEh2bp;LH2_Tk_DE|DEh2;LH2_Tk_PLN|PLh2N,77.89467764213327,56.33212839740136,1005959.7739815088
6,20260907,LH2_Tk_BE|BEh2;LH2_Tk_DEbp|DEh2bp;LH2_Tk_FRSW|FRh2SW;LH2_Tk_FRW|FRh2,85.51551805722103,69.13090596589252,1232843.7739815088
7,20260907,LH2_Tk_BE|BEh2;LH2_Tk_DEbp|DEh2bp;LH2_Tk_FRSW|FRh2SW;LH2_Tk_FRn|FRh2N,85.51551805722103,64.19430925106761,1127723.773981509
8,20260907,LH2_Tk_BE|BEh2;LH2_Tk_DEbp|DEh2bp;LH2_Tk_FRSW|FRh2SW;LH2_Tk_ITa|IB-ITh2,85.51551805722103,69.13090596589252,1232843.7739815088
9,20260907,LH2_Tk_BE|BEh2;LH2_Tk_DEbp|DEh2bp;LH2_Tk_FRSW|FRh2SW;LH2_Tk_NL|NLh2,63.33691838767076,31.620043824707537,560212.7312184663
10,20260907,LH2_Tk_BE|BEh2;LH2_Tk_DEbp|DEh2bp;LH2_Tk_FRSW|FRh2SW;LH2_Tk_PLN|PLh2N,85.51551805722103,66.83677778792261,1194080.7739815088
11,20260907,LH2_Tk_BE|BEh2;LH2_Tk_DEbp|DEh2bp;LH2_Tk_FRW|FRh2;LH2_Tk_FRn|FRh2N,85.51551805722103,64.19430925106761,1127723.773981509
12,20260907,LH2_Tk_BE|BEh2;LH2_Tk_DEbp|DEh2bp;LH2_Tk_FRW|FRh2;LH2_Tk_ITa|IB-ITh2,85.51551805722103,69.13090596589252,1232843.7739815088
13,20260907,LH2_Tk_BE|BEh2;LH2_Tk_DEbp|DEh2bp;LH2_Tk_FRW|FRh2;LH2_Tk_NL|NLh2,63.33691838767076,31.620043824707537,560212.7312184663
14,20260907,LH2_Tk_BE|BEh2;LH2_Tk_DEbp|DEh2bp;LH2_Tk_FRW|FRh2;LH2_Tk_PLN|PLh2N,85.51551805722103,66.83677778792261,1194080.7739815088
15,20260907,LH2_Tk_BE|BEh2;LH2_Tk_DEbp|DEh2bp;LH2_Tk_FRn|FRh2N;LH2_Tk_ITa|IB-ITh2,85.51551805722103,64.19430925106761,1127723.773981509
16,20260907,LH2_Tk_BE|BEh2;LH2_Tk_DEbp|DEh2bp;LH2_Tk_FRn|FRh2N;LH2_Tk_NL|NLh2,63.33691838767076,28.280963196667773,482495.18845542363
17,20260907,LH2_Tk_BE|BEh2;LH2_Tk_DEbp|DEh2bp;LH2_Tk_FRn|FRh2N;LH2_Tk_PLN|PLh2N,85.51551805722103,61.90018107309769,1088960.773981509
18,20260907,LH2_Tk_BE|BEh2;LH2_Tk_DEbp|DEh2bp;LH2_Tk_ITa|IB-ITh2;LH2_Tk_NL|NLh2,63.33691838767076,31.620043824707537,560212.7312184663
19,20260907,LH2_Tk_BE|BEh2;LH2_Tk_DEbp|DEh2bp;LH2_Tk_ITa|IB-ITh2;LH2_Tk_PLN|PLh2N,85.51551805722103,66.83677778792261,1194080.7739815088
20,20260907,LH2_Tk_BE|BEh2;LH2_Tk_DEbp|DEh2bp;LH2_Tk_NL|NLh2;LH2_Tk_PLN|PLh2N,63.33691838767076,29.702551675741493,527910.2312184663
21,20260907,LH2_Tk_BE|BEh2;LH2_Tk_DE|DEh2;LH2_Tk_FRSW|FRh2SW;LH2_Tk_FRW|FRh2,77.89467764213327,60.311209474445185,1073192.773981509
22,20260907,LH2_Tk_BE|BEh2;LH2_Tk_DE|DEh2;LH2_Tk_FRSW|FRh2SW;LH2_Tk_FRn|FRh2N,77.89467764213327,55.37461275962028,968072.773981509
23,20260907,LH2_Tk_BE|BEh2;LH2_Tk_DE|DEh2;LH2_Tk_FRSW|FRh2SW;LH2_Tk_ITa|IB-ITh2,77.89467764213327,60.311209474445185,1073192.773981509
24,20260907,LH2_Tk_BE|BEh2;LH2_Tk_DE|DEh2;LH2_Tk_FRSW|FRh2SW;LH2_Tk_NL|NLh2,55.716077972582994,24.406374968723412,428110.1884554237
25,20260907,LH2_Tk_BE|BEh2;LH2_Tk_DE|DEh2;LH2_Tk_FRSW|FRh2SW;LH2_Tk_PLN|PLh2N,77.89467764213327,58.01708129647529,1034429.773981509
26,20260907,LH2_Tk_BE|BEh2;LH2_Tk_DE|DEh2;LH2_Tk_FRW|FRh2;LH2_Tk_FRn|FRh2N,77.89467764213327,55.37461275962028,968072.773981509
27,20260907,LH2_Tk_BE|BEh2;LH2_Tk_DE|DEh2;LH2_Tk_FRW|FRh2;LH2_Tk_ITa|IB-ITh2,77.89467764213327,60.311209474445185,1073192.773981509
28,20260907,LH2_Tk_BE|BEh2;LH2_Tk_DE|DEh2;LH2_Tk_FRW|FRh2;LH2_Tk_NL|NLh2,55.716077972582994,24.406374968723412,428110.1884554237
29,20260907,LH2_Tk_BE|BEh2;LH2_Tk_DE|DEh2;LH2_Tk_FRW|FRh2;LH2_Tk_PLN|PLh2N,77.89467764213327,58.01708129647529,1034429.773981509
30,20260907,LH2_Tk_BE|BEh2;LH2_Tk_DE|DEh2;LH2_Tk_FRn|FRh2N;LH2_Tk_ITa|IB-ITh2,77.89467764213327,55.37461275962028,968072.773981509
31,20260907,LH2_Tk_BE|BEh2;LH2_Tk_DE|DEh2;LH2_Tk_FRn|FRh2N;LH2_Tk_NL|NLh2,55.716077972582994,21.51254993663125,358030.1884554237
32,20260907,LH2_Tk_BE|BEh2;LH2_Tk_DE|DEh2;LH2_Tk_FRn|FRh2N;LH2_Tk_PLN|PLh2N,77.89467764213327,53.080484581650374,929309.773981509
33,20260907,LH2_Tk_BE|BEh2;LH2_Tk_DE|DEh2;LH2_Tk_ITa|IB-ITh2;LH2_Tk_NL|NLh2,55.716077972582994,24.406374968723412,428110.1884554237
34,20260907,LH2_Tk_BE|BEh2;LH2_Tk_DE|DEh2;LH2_Tk_ITa|IB-ITh2;LH2_Tk_PLN|PLh2N,77.89467764213327,58.01708129647529,1034429.773981509
35,20260907,LH2_Tk_BE|BEh2;LH2_Tk_DE|DEh2;LH2_Tk_NL|NLh2;LH2_Tk_PLN|PLh2N,55.716077972582994,22.488882819757368,395807.68845542375
36,20260907,LH2_Tk_BE|BEh2;LH2_Tk_FRSW|FRh2SW;LH2_Tk_FRW|FRh2;LH2_Tk_FRn|FRh2N,85.51551805722103,65.87926215014156,1156193.7739815088
37,20260907,LH2_Tk_BE|BEh2;LH2_Tk_FRSW|FRh2SW;LH2_Tk_FRW|FRh2;LH2_Tk_ITa|IB-ITh2,85.51551805722103,70.81585886496646,1261313.7739815088
38,20260907,LH2_Tk_BE|BEh2;LH2_Tk_FRSW|FRh2SW;LH2_Tk_FRW|FRh2;LH2_Tk_NL|NLh2,63.33691838767076,33.02837139174475,583937.7312184663
39,20260907,LH2_Tk_BE|BEh2;LH2_Tk_FRSW|FRh2SW;LH2_Tk_FRW|FRh2;LH2_Tk_PLN|PLh2N,85.51551805722103,68.52173068699655,1222550.7739815088
40,20260907,LH2_Tk_BE|BEh2;LH2_Tk_FRSW|FRh2SW;LH2_Tk_FRn|FRh2N;LH2_Tk_ITa|IB-ITh2,85.51551805722103,65.87926215014156,1156193.7739815088
41,20260907,LH2_Tk_BE|BEh2;LH2_Tk_FRSW|FRh2SW;LH2_Tk_FRn|FRh2N;LH2_Tk_NL|NLh2,63.33691838767076,29.68929076370499,506220.18845542363
42,20260907,LH2_Tk_BE|BEh2;LH2_Tk_FRSW|FRh2SW;LH2_Tk_FRn|FRh2N;LH2_Tk_PLN|PLh2N,85.51551805722103,63.58513397217164,1117430.7739815088
43,20260907,LH2_Tk_BE|BEh2;LH2_Tk_FRSW|FRh2SW;LH2_Tk_ITa|IB-ITh2;LH2_Tk_NL|NLh2,63.33691838767076,33.02837139174475,583937.7312184663
44,20260907,LH2_Tk_BE|BEh2;LH2_Tk_FRSW|FRh2SW;LH2_Tk_ITa|IB-ITh2;LH2_Tk_PLN|PLh2N,85.51551805722103,68.52173068699655,1222550.7739815088
45,20260907,LH2_Tk_BE|BEh2;LH2_Tk_FRSW|FRh2SW;LH2_Tk_NL|NLh2;LH2_Tk_PLN|PLh2N,63.33691838767076,31.110879242778704,551635.2312184663
46,20260907,LH2_Tk_BE|BEh2;LH2_Tk_FRW|FRh2;LH2_Tk_FRn|FRh2N;LH2_Tk_ITa|IB-ITh2,85.51551805722103,65.87926215014156,1156193.7739815088
47,20260907,LH2_Tk_BE|BEh2;LH2_Tk_FRW|FRh2;LH2_Tk_FRn|FRh2N;LH2_Tk_NL|NLh2,63.33691838767076,29.68929076370499,506220.18845542363
48,20260907,LH2_Tk_BE|BEh2;LH2_Tk_FRW|FRh2;LH2_Tk_FRn|FRh2N;LH2_Tk_PLN|PLh2N,85.51551805722103,63.58513397217164,1117430.7739815088
49,20260907,LH2_Tk_BE|BEh2;LH2_Tk_FRW|FRh2;LH2_Tk_ITa|IB-ITh2;LH2_Tk_NL|NLh2,63.33691838767076,33.02837139174475,583937.7312184663
50,20260907,LH2_Tk_BE|BEh2;LH2_Tk_FRW|FRh2;LH2_Tk_ITa|IB-ITh2;LH2_Tk_PLN|PLh2N,85.51551805722103,68.52173068699655,1222550.7739815088
51,20260907,LH2_Tk_BE|BEh2;LH2_Tk_FRW|FRh2;LH2_Tk_NL|NLh2;LH2_Tk_PLN|PLh2N,63.33691838767076,31.110879242778704,551635.2312184663
52,20260907,LH2_Tk_BE|BEh2;LH2_Tk_FRn|FRh2N;LH2_Tk_ITa|IB-ITh2;LH2_Tk_NL|NLh2,63.33691838767076,29.68929076370499,506220.18845542363
53,20260907,LH2_Tk_BE|BEh2;LH2_Tk_FRn|FRh2N;LH2_Tk_ITa|IB-ITh2;LH2_Tk_PLN|PLh2N,85.51551805722103,63.58513397217164,1117430.7739815088
54,20260907,LH2_Tk_BE|BEh2;LH2_Tk_FRn|FRh2N;LH2_Tk_NL|NLh2;LH2_Tk_PLN|PLh2N,63.33691838767076,27.771798614738938,473917.6884554237
55,20260907,LH2_Tk_BE|BEh2;LH2_Tk_ITa|IB-ITh2;LH2_Tk_NL|NLh2;LH2_Tk_PLN|PLh2N,63.33691838767076,31.110879242778704,551635.2312184663
56,20260907,LH2_Tk_DEbp|DEh2bp;LH2_Tk_DE|DEh2;LH2_Tk_FRSW|FRh2SW;LH2_Tk_FRW|FRh2,92.37915958491224,87.8103977104048,1598573.7739815088
57,20260907,LH2_Tk_DEbp|DEh2bp;LH2_Tk_DE|DEh2;LH2_Tk_FRSW|FRh2SW;LH2_Tk_FRn|FRh2N,92.37915958491224,82.87380099557988,1493453.7739815086
58,20260907,LH2_Tk_DEbp|DEh2bp;LH2_Tk_DE|DEh2;LH2_Tk_FRSW|FRh2SW;LH2_Tk_ITa|IB-ITh2,92.37915958491224,87.8103977104048,1598573.7739815088
59,20260907,LH2_Tk_DEbp|DEh2bp;LH2_Tk_DE|DEh2;LH2_Tk_FRSW|FRh2SW;LH2_Tk_NL|NLh2,70.20055991536196,49.49997717100215,912227.7739815089
60,20260907,LH2_Tk_DEbp|DEh2bp;LH2_Tk_DE|DEh2;LH2_Tk_FRSW|FRh2SW;LH2_Tk_PLN|PLh2N,92.37915958491224,85.51626953243489,1559810.7739815088
61,20260907,LH2_Tk_DEbp|DEh2bp;LH2_Tk_DE|DEh2;LH2_Tk_FRW|FRh2;LH2_Tk_FRn|FRh2N,92.37915958491224,82.87380099557988,1493453.7739815086
62,20260907,LH2_Tk_DEbp|DEh2bp;LH2_Tk_DE|DEh2;LH2_Tk_FRW|FRh2;LH2_Tk_ITa|IB-ITh2,92.37915958491224,87.8103977104048,1598573.7739815088
63,20260907,LH2_Tk_DEbp|DEh2bp;LH2_Tk_DE|DEh2;LH2_Tk_FRW|FRh2;LH2_Tk_NL|NLh2,70.20055991536196,49.49997717100215,912227.7739815089
64,20260907,LH2_Tk_DEbp|DEh2bp;LH2_Tk_DE|DEh2;LH2_Tk_FRW|FRh2;LH2_Tk_PLN|PLh2N,92.37915958491224,85.51626953243489,1559810.7739815088
65,20260907,LH2_Tk_DEbp|DEh2bp;LH2_Tk_DE|DEh2;LH2_Tk_FRn|FRh2N;LH2_Tk_ITa|IB-ITh2,92.37915958491224,82.87380099557988,1493453.7739815086
66,20260907,LH2_Tk_DEbp|DEh2bp;LH2_Tk_DE|DEh2;LH2_Tk_FRn|FRh2N;LH2_Tk_NL|NLh2,70.20055991536198,44.563380456177235,807107.773981509
67,20260907,LH2_Tk_DEbp|DEh2bp;LH2_Tk_DE|DEh2;LH2_Tk_FRn|FRh2N;LH2_Tk_PLN|PLh2N,92.37915958491224,80.57967281760997,1454690.7739815088
68,20260907,LH2_Tk_DEbp|DEh2bp;LH2_Tk_DE|DEh2;LH2_Tk_ITa|IB-ITh2;LH2_Tk_NL|NLh2,70.20055991536196,49.49997717100215,912227.7739815089
69,20260907,LH2_Tk_DEbp|DEh2bp;LH2_Tk_DE|DEh2;LH2_Tk_ITa|IB-ITh2;LH2_Tk_PLN|PLh2N,92.37915958491224,85.51626953243489,1559810.7739815088
70,20260907,LH2_Tk_DEbp|DEh2bp;LH2_Tk_DE|DEh2;LH2_Tk_NL|NLh2;LH2_Tk_PLN|PLh2N,70.20055991536198,47.205848993032255,873464.7739815091
71,20260907,LH2_Tk_DEbp|DEh2bp;LH2_Tk_FRSW|FRh2SW;LH2_Tk_FRW|FRh2;LH2_Tk_FRn|FRh2N,100.0,93.37845038610114,1681574.7739815086
72,20260907,LH2_Tk_DEbp|DEh2bp;LH2_Tk_FRSW|FRh2SW;LH2_Tk_FRW|FRh2;LH2_Tk_ITa|IB-ITh2,100.0,98.31504710092607,1786694.7739815088
73,20260907,LH2_Tk_DEbp|DEh2bp;LH2_Tk_FRSW|FRh2SW;LH2_Tk_FRW|FRh2;LH2_Tk_NL|NLh2,77.82140033044973,60.0046265615234,1100348.7739815088
74,20260907,LH2_Tk_DEbp|DEh2bp;LH2_Tk_FRSW|FRh2SW;LH2_Tk_FRW|FRh2;LH2_Tk_PLN|PLh2N,100.0,96.02091892295617,1747931.7739815088
75,20260907,LH2_Tk_DEbp|DEh2bp;LH2_Tk_FRSW|FRh2SW;LH2_Tk_FRn|FRh2N;LH2_Tk_ITa|IB-ITh2,100.0,93.37845038610114,1681574.7739815086
76,20260907,LH2_Tk_DEbp|DEh2bp;LH2_Tk_FRSW|FRh2SW;LH2_Tk_FRn|FRh2N;LH2_Tk_NL|NLh2,77.82140033044973,55.0680298466985,995228.7739815089
77,20260907,LH2_Tk_DEbp|DEh2bp;LH2_Tk_FRSW|FRh2SW;LH2_Tk_FRn|FRh2N;LH2_Tk_PLN|PLh2N,100.0,91.08432220813125,1642811.7739815088
78,20260907,LH2_Tk_DEbp|DEh2bp;LH2_Tk_FRSW|FRh2SW;LH2_Tk_ITa|IB-ITh2;LH2_Tk_NL|NLh2,77.82140033044973,60.0046265615234,1100348.7739815088
79,20260907,LH2_Tk_DEbp|DEh2bp;LH2_Tk_FRSW|FRh2SW;LH2_Tk_ITa|IB-ITh2;LH2_Tk_PLN|PLh2N,100.0,96.02091892295617,1747931.7739815088
80,20260907,LH2_Tk_DEbp|DEh2bp;LH2_Tk_FRSW|FRh2SW;LH2_Tk_NL|NLh2;LH2_Tk_PLN|PLh2N,77.82140033044973,57.7104983835535,1061585.7739815088
81,20260907,LH2_Tk_DEbp|DEh2bp;LH2_Tk_FRW|FRh2;LH2_Tk_FRn|FRh2N;LH2_Tk_ITa|IB-ITh2,100.0,93.37845038610114,1681574.7739815086
82,20260907,LH2_Tk_DEbp|DEh2bp;LH2_Tk_FRW|FRh2;LH2_Tk_FRn|FRh2N;LH2_Tk_NL|NLh2,77.82140033044973,55.0680298466985,995228.7739815089
83,20260907,LH2_Tk_DEbp|DEh2bp;LH2_Tk_FRW|FRh2;LH2_Tk_FRn|FRh2N;LH2_Tk_PLN|PLh2N,100.0,91.08432220813125,1642811.7739815088
84,20260907,LH2_Tk_DEbp|DEh2bp;LH2_Tk_FRW|FRh2;LH2_Tk_ITa|IB-ITh2;LH2_Tk_NL|NLh2,77.82140033044973,60.0046265615234,1100348.7739815088
85,20260907,LH2_Tk_DEbp|DEh2bp;LH2_Tk_FRW|FRh2;LH2_Tk_ITa|IB-ITh2;LH2_Tk_PLN|PLh2N,100.0,96.02091892295617,1747931.7739815088
86,20260907,LH2_Tk_DEbp|DEh2bp;LH2_Tk_FRW|FRh2;LH2_Tk_NL|NLh2;LH2_Tk_PLN|PLh2N,77.82140033044973,57.7104983835535,1061585.7739815088
87,20260907,LH2_Tk_DEbp|DEh2bp;LH2_Tk_FRn|FRh2N;LH2_Tk_ITa|IB-ITh2;LH2_Tk_NL|NLh2,77.82140033044973,55.0680298466985,995228.7739815089
88,20260907,LH2_Tk_DEbp|DEh2bp;LH2_Tk_FRn|FRh2N;LH2_Tk_ITa|IB-ITh2;LH2_Tk_PLN|PLh2N,100.0,91.08432220813125,1642811.7739815088
89,20260907,LH2_Tk_DEbp|DEh2bp;LH2_Tk_FRn|FRh2N;LH2_Tk_NL|NLh2;LH2_Tk_PLN|PLh2N,77.82140033044973,52.773901668728605,956465.7739815089
90,20260907,LH2_Tk_DEbp|DEh2bp;LH2_Tk_ITa|IB-ITh2;LH2_Tk_NL|NLh2;LH2_Tk_PLN|PLh2N,77.82140033044973,57.7104983835535,1061585.7739815088
91,20260907,LH2_Tk_DE|DEh2;LH2_Tk_FRSW|FRh2SW;LH2_Tk_FRW|FRh2;LH2_Tk_FRn|FRh2N,92.37915958491224,84.55875389465382,1521923.7739815088
92,20260907,LH2_Tk_DE|DEh2;LH2_Tk_FRSW|FRh2SW;LH2_Tk_FRW|FRh2;LH2_Tk_ITa|IB-ITh2,92.37915958491224,89.49535060947873,1627043.7739815088
93,20260907,LH2_Tk_DE|DEh2;LH2_Tk_FRSW|FRh2SW;LH2_Tk_FRW|FRh2;LH2_Tk_NL|NLh2,70.20055991536198,51.184930070076085,940697.773981509
94,20260907,LH2_Tk_DE|DEh2;LH2_Tk_FRSW|FRh2SW;LH2_Tk_FRW|FRh2;LH2_Tk_PLN|PLh2N,92.37915958491224,87.20122243150884,1588280.7739815088
95,20260907,LH2_Tk_DE|DEh2;LH2_Tk_FRSW|FRh2SW;LH2_Tk_FRn|FRh2N;LH2_Tk_ITa|IB-ITh2,92.37915958491224,84.55875389465382,1521923.7739815088
96,20260907,LH2_Tk_DE|DEh2;LH2_Tk_FRSW|FRh2SW;LH2_Tk_FRn|FRh2N;LH2_Tk_NL|NLh2,70.20055991536198,46.24833335525117,835577.773981509
97,20260907,LH2_Tk_DE|DEh2;LH2_Tk_FRSW|FRh2SW;LH2_Tk_FRn|FRh2N;LH2_Tk_PLN|PLh2N,92.37915958491224,82.26462571668391,1483160.7739815088
98,20260907,LH2_Tk_DE|DEh2;LH2_Tk_FRSW|FRh2SW;LH2_Tk_ITa|IB-ITh2;LH2_Tk_NL|NLh2,70.20055991536198,51.184930070076085,940697.773981509
99,20260907,LH2_Tk_DE|DEh2;LH2_Tk_FRSW|FRh2SW;LH2_Tk_ITa|IB-ITh2;LH2_Tk_PLN|PLh2N,92.37915958491224,87.20122243150884,1588280.7739815088
100,20260907,LH2_Tk_DE|DEh2;LH2_Tk_FRSW|FRh2SW;LH2_Tk_NL|NLh2;LH2_Tk_PLN|PLh2N,70.20055991536198,48.89080189210619,901934.773981509
101,20260907,LH2_Tk_DE|DEh2;LH2_Tk_FRW|FRh2;LH2_Tk_FRn|FRh2N;LH2_Tk_ITa|IB-ITh2,92.37915958491224,84.55875389465382,1521923.7739815088
102,20260907,LH2_Tk_DE|DEh2;LH2_Tk_FRW|FRh2;LH2_Tk_FRn|FRh2N;LH2_Tk_NL|NLh2,70.20055991536198,46.24833335525117,835577.773981509
103,20260907,LH2_Tk_DE|DEh2;LH2_Tk_FRW|FRh2;LH2_Tk_FRn|FRh2N;LH2_Tk_PLN|PLh2N,92.37915958491224,82.26462571668391,1483160.7739815088
104,20260907,LH2_Tk_DE|DEh2;LH2_Tk_FRW|FRh2;LH2_Tk_ITa|IB-ITh2;LH2_Tk_NL|NLh2,70.20055991536198,51.184930070076085,940697.773981509
105,20260907,LH2_Tk_DE|DEh2;LH2_Tk_FRW|FRh2;LH2_Tk_ITa|IB-ITh2;LH2_Tk_PLN|PLh2N,92.37915958491224,87.20122243150884,1588280.7739815088
106,20260907,LH2_Tk_DE|DEh2;LH2_Tk_FRW|FRh2;LH2_Tk_NL|NLh2;LH2_Tk_PLN|PLh2N,70.20055991536198,48.89080189210619,901934.773981509
107,20260907,LH2_Tk_DE|DEh2;LH2_Tk_FRn|FRh2N;LH2_Tk_ITa|IB-ITh2;LH2_Tk_NL|NLh2,70.20055991536198,46.24833335525117,835577.773981509
108,20260907,LH2_Tk_DE|DEh2;LH2_Tk_FRn|FRh2N;LH2_Tk_ITa|IB-ITh2;LH2_Tk_PLN|PLh2N,92.37915958491224,82.26462571668391,1483160.7739815088
109,20260907,LH2_Tk_DE|DEh2;LH2_Tk_FRn|FRh2N;LH2_Tk_NL|NLh2;LH2_Tk_PLN|PLh2N,70.20055991536198,43.95420517728127,796814.7739815089
110,20260907,LH2_Tk_DE|DEh2;LH2_Tk_ITa|IB-ITh2;LH2_Tk_NL|NLh2;LH2_Tk_PLN|PLh2N,70.20055991536198,48.89080189210619,901934.773981509
111,20260907,LH2_Tk_FRSW|FRh2SW;LH2_Tk_FRW|FRh2;LH2_Tk_FRn|FRh2N;LH2_Tk_ITa|IB-ITh2,100.0,95.06340328517508,1710044.7739815088
112,20260907,LH2_Tk_FRSW|FRh2SW;LH2_Tk_FRW|FRh2;LH2_Tk_FRn|FRh2N;LH2_Tk_NL|NLh2,77.82140033044973,56.75298274577244,1023698.773981509
113,20260907,LH2_Tk_FRSW|FRh2SW;LH2_Tk_FRW|FRh2;LH2_Tk_FRn|FRh2N;LH2_Tk_PLN|PLh2N,100.0,92.76927510720516,1671281.7739815088
114,20260907,LH2_Tk_FRSW|FRh2SW;LH2_Tk_FRW|FRh2;LH2_Tk_ITa|IB-ITh2;LH2_Tk_NL|NLh2,77.82140033044973,61.68957946059735,1128818.7739815088
115,20260907,LH2_Tk_FRSW|FRh2SW;LH2_Tk_FRW|FRh2;LH2_Tk_ITa|IB-ITh2;LH2_Tk_PLN|PLh2N,100.0,97.70587182203012,1776401.7739815088
116,20260907,LH2_Tk_FRSW|FRh2SW;LH2_Tk_FRW|FRh2;LH2_Tk_NL|NLh2;LH2_Tk_PLN|PLh2N,77.82140033044973,59.39545128262745,1090055.7739815088
117,20260907,LH2_Tk_FRSW|FRh2SW;LH2_Tk_FRn|FRh2N;LH2_Tk_ITa|IB-ITh2;LH2_Tk_NL|NLh2,77.82140033044973,56.75298274577244,1023698.773981509
118,20260907,LH2_Tk_FRSW|FRh2SW;LH2_Tk_FRn|FRh2N;LH2_Tk_ITa|IB-ITh2;LH2_Tk_PLN|PLh2N,100.0,92.76927510720516,1671281.7739815088
119,20260907,LH2_Tk_FRSW|FRh2SW;LH2_Tk_FRn|FRh2N;LH2_Tk_NL|NLh2;LH2_Tk_PLN|PLh2N,77.82140033044972,54.45885456780254,984935.7739815089
120,20260907,LH2_Tk_FRSW|FRh2SW;LH2_Tk_ITa|IB-ITh2;LH2_Tk_NL|NLh2;LH2_Tk_PLN|PLh2N,77.82140033044973,59.39545128262745,1090055.7739815088
121,20260907,LH2_Tk_FRW|FRh2;LH2_Tk_FRn|FRh2N;LH2_Tk_ITa|IB-ITh2;LH2_Tk_NL|NLh2,77.82140033044973,56.75298274577244,1023698.773981509
122,20260907,LH2_Tk_FRW|FRh2;LH2_Tk_FRn|FRh2N;LH2_Tk_ITa|IB-ITh2;LH2_Tk_PLN|PLh2N,100.0,92.76927510720516,1671281.7739815088
123,20260907,LH2_Tk_FRW|FRh2;LH2_Tk_FRn|FRh2N;LH2_Tk_NL|NLh2;LH2_Tk_PLN|PLh2N,77.82140033044972,54.45885456780254,984935.7739815089
124,20260907,LH2_Tk_FRW|FRh2;LH2_Tk_ITa|IB-ITh2;LH2_Tk_NL|NLh2;LH2_Tk_PLN|PLh2N,77.82140033044973,59.39545128262745,1090055.7739815088
125,20260907,LH2_Tk_FRn|FRh2N;LH2_Tk_ITa|IB-ITh2;LH2_Tk_NL|NLh2;LH2_Tk_PLN|PLh2N,77.82140033044972,54.45885456780254,984935.7739815089
