source_row,from_node,to_node,from_country,to_country,year,capacity_pci_pmi_gwh_per_day,capacity_advanced_gwh_per_day,source_id,source_locator,capacity_semantics,edge_id,edge_type,directed,traceable
2,ALh2,HRh2,Albania,Croatia,2030,0.0,0.0,TYNDP2024_ANNEX_C2,"Annex C2, Detailed Nodes, Excel row 2","TYNDP infrastructure-level planning capacity, not observed operational availability.",E0001,backbone,True,True
3,ALh2,HRh2,Albania,Croatia,2040,0.0,0.0,TYNDP2024_ANNEX_C2,"Annex C2, Detailed Nodes, Excel row 3","TYNDP infrastructure-level planning capacity, not observed operational availability.",E0002,backbone,True,True
5,DZh2,ITh2,Algeria,Italy,2030,0.0,448.0,TYNDP2024_ANNEX_C2,"Annex C2, Detailed Nodes, Excel row 5","TYNDP infrastructure-level planning capacity, not observed operational availability.",E0003,backbone,True,True
6,DZh2,ITh2,Algeria,Italy,2040,448.0,448.0,TYNDP2024_ANNEX_C2,"Annex C2, Detailed Nodes, Excel row 6","TYNDP infrastructure-level planning capacity, not observed operational availability.",E0004,backbone,True,True
17,ATh2,DEh2,Austria,Germany,2030,150.0,150.0,TYNDP2024_ANNEX_C2,"Annex C2, Detailed Nodes, Excel row 17","TYNDP infrastructure-level planning capacity, not observed operational availability.",E0005,backbone,True,True
18,ATh2,DEh2,Austria,Germany,2040,150.0,150.0,TYNDP2024_ANNEX_C2,"Annex C2, Detailed Nodes, Excel row 18","TYNDP infrastructure-level planning capacity, not observed operational availability.",E0006,backbone,True,True
20,ATh2,HUh2,Austria,Hungary,2030,0.0,0.0,TYNDP2024_ANNEX_C2,"Annex C2, Detailed Nodes, Excel row 20","TYNDP infrastructure-level planning capacity, not observed operational availability.",E0007,backbone,True,True
21,ATh2,HUh2,Austria,Hungary,2040,0.0,0.0,TYNDP2024_ANNEX_C2,"Annex C2, Detailed Nodes, Excel row 21","TYNDP infrastructure-level planning capacity, not observed operational availability.",E0008,backbone,True,True
23,ATh2,IB-ITh2,Austria,Italy,2030,126.0,126.0,TYNDP2024_ANNEX_C2,"Annex C2, Detailed Nodes, Excel row 23","TYNDP infrastructure-level planning capacity, not observed operational availability.",E0009,backbone,True,True
24,ATh2,IB-ITh2,Austria,Italy,2040,126.0,126.0,TYNDP2024_ANNEX_C2,"Annex C2, Detailed Nodes, Excel row 24","TYNDP infrastructure-level planning capacity, not observed operational availability.",E0010,backbone,True,True
26,ATh2,IB-SKh2W,Austria,Slovakia,2030,0.0,144.0,TYNDP2024_ANNEX_C2,"Annex C2, Detailed Nodes, Excel row 26","TYNDP infrastructure-level planning capacity, not observed operational availability.",E0011,backbone,True,True
27,ATh2,IB-SKh2W,Austria,Slovakia,2040,144.0,144.0,TYNDP2024_ANNEX_C2,"Annex C2, Detailed Nodes, Excel row 27","TYNDP infrastructure-level planning capacity, not observed operational availability.",E0012,backbone,True,True
29,ATh2,SIh2,Austria,Slovenia,2030,0.0,0.0,TYNDP2024_ANNEX_C2,"Annex C2, Detailed Nodes, Excel row 29","TYNDP infrastructure-level planning capacity, not observed operational availability.",E0013,backbone,True,True
30,ATh2,SIh2,Austria,Slovenia,2040,0.0,0.0,TYNDP2024_ANNEX_C2,"Annex C2, Detailed Nodes, Excel row 30","TYNDP infrastructure-level planning capacity, not observed operational availability.",E0014,backbone,True,True
32,BEh2,BEH2Mo,Belgium,Belgium,2030,0.0,0.0,TYNDP2024_ANNEX_C2,"Annex C2, Detailed Nodes, Excel row 32","TYNDP infrastructure-level planning capacity, not observed operational availability.",E0015,backbone,True,True
33,BEh2,BEH2Mo,Belgium,Belgium,2040,0.0,0.0,TYNDP2024_ANNEX_C2,"Annex C2, Detailed Nodes, Excel row 33","TYNDP infrastructure-level planning capacity, not observed operational availability.",E0016,backbone,True,True
35,BEH2Mo,BEh2,Belgium,Belgium,2030,0.0,0.0,TYNDP2024_ANNEX_C2,"Annex C2, Detailed Nodes, Excel row 35","TYNDP infrastructure-level planning capacity, not observed operational availability.",E0017,backbone,True,True
36,BEH2Mo,BEh2,Belgium,Belgium,2040,0.0,0.0,TYNDP2024_ANNEX_C2,"Annex C2, Detailed Nodes, Excel row 36","TYNDP infrastructure-level planning capacity, not observed operational availability.",E0018,backbone,True,True
38,LH2_Tk_BE,BEh2,Belgium,Belgium,2030,59.3,59.3,TYNDP2024_ANNEX_C2,"Annex C2, Detailed Nodes, Excel row 38","TYNDP infrastructure-level planning capacity, not observed operational availability.",E0019,terminal_backbone,True,True
39,LH2_Tk_BE,BEh2,Belgium,Belgium,2040,193.6,193.6,TYNDP2024_ANNEX_C2,"Annex C2, Detailed Nodes, Excel row 39","TYNDP infrastructure-level planning capacity, not observed operational availability.",E0020,terminal_backbone,True,True
44,BEh2,FRh2,Belgium,France,2030,0.0,0.0,TYNDP2024_ANNEX_C2,"Annex C2, Detailed Nodes, Excel row 44","TYNDP infrastructure-level planning capacity, not observed operational availability.",E0021,backbone,True,True
45,BEh2,FRh2,Belgium,France,2040,36.0,36.0,TYNDP2024_ANNEX_C2,"Annex C2, Detailed Nodes, Excel row 45","TYNDP infrastructure-level planning capacity, not observed operational availability.",E0022,backbone,True,True
47,BEh2,FRh2N,Belgium,France,2030,0.0,0.0,TYNDP2024_ANNEX_C2,"Annex C2, Detailed Nodes, Excel row 47","TYNDP infrastructure-level planning capacity, not observed operational availability.",E0023,backbone,True,True
48,BEh2,FRh2N,Belgium,France,2040,48.0,48.0,TYNDP2024_ANNEX_C2,"Annex C2, Detailed Nodes, Excel row 48","TYNDP infrastructure-level planning capacity, not observed operational availability.",E0024,backbone,True,True
50,BEH2Mo,FRh2Va,Belgium,France,2030,24.0,24.0,TYNDP2024_ANNEX_C2,"Annex C2, Detailed Nodes, Excel row 50","TYNDP infrastructure-level planning capacity, not observed operational availability.",E0025,backbone,True,True
51,BEH2Mo,FRh2Va,Belgium,France,2040,24.0,24.0,TYNDP2024_ANNEX_C2,"Annex C2, Detailed Nodes, Excel row 51","TYNDP infrastructure-level planning capacity, not observed operational availability.",E0026,backbone,True,True
53,BEh2,DEh2,Belgium,Germany,2030,91.2,91.2,TYNDP2024_ANNEX_C2,"Annex C2, Detailed Nodes, Excel row 53","TYNDP infrastructure-level planning capacity, not observed operational availability.",E0027,backbone,True,True
54,BEh2,DEh2,Belgium,Germany,2040,91.2,91.2,TYNDP2024_ANNEX_C2,"Annex C2, Detailed Nodes, Excel row 54","TYNDP infrastructure-level planning capacity, not observed operational availability.",E0028,backbone,True,True
56,BEh2,LUh2,Belgium,Luxemburg,2030,0.0,0.0,TYNDP2024_ANNEX_C2,"Annex C2, Detailed Nodes, Excel row 56","TYNDP infrastructure-level planning capacity, not observed operational availability.",E0029,backbone,True,True
57,BEh2,LUh2,Belgium,Luxemburg,2040,0.0,0.0,TYNDP2024_ANNEX_C2,"Annex C2, Detailed Nodes, Excel row 57","TYNDP infrastructure-level planning capacity, not observed operational availability.",E0030,backbone,True,True
59,BEh2,NLh2,Belgium,Netherlands,2030,36.0,36.0,TYNDP2024_ANNEX_C2,"Annex C2, Detailed Nodes, Excel row 59","TYNDP infrastructure-level planning capacity, not observed operational availability.",E0031,backbone,True,True
60,BEh2,NLh2,Belgium,Netherlands,2040,120.0,120.0,TYNDP2024_ANNEX_C2,"Annex C2, Detailed Nodes, Excel row 60","TYNDP infrastructure-level planning capacity, not observed operational availability.",E0032,backbone,True,True
62,BEh2,UKh2/INT,Belgium,United Kingdom,2030,0.0,0.0,TYNDP2024_ANNEX_C2,"Annex C2, Detailed Nodes, Excel row 62","TYNDP infrastructure-level planning capacity, not observed operational availability.",E0033,backbone,True,True
63,BEh2,UKh2/INT,Belgium,United Kingdom,2040,0.0,0.0,TYNDP2024_ANNEX_C2,"Annex C2, Detailed Nodes, Excel row 63","TYNDP infrastructure-level planning capacity, not observed operational availability.",E0034,backbone,True,True
65,BAh2,HRh2,Bosnia Herzegovina,Croatia,2030,0.0,115.0,TYNDP2024_ANNEX_C2,"Annex C2, Detailed Nodes, Excel row 65","TYNDP infrastructure-level planning capacity, not observed operational availability.",E0035,backbone,True,True
66,BAh2,HRh2,Bosnia Herzegovina,Croatia,2040,0.0,115.0,TYNDP2024_ANNEX_C2,"Annex C2, Detailed Nodes, Excel row 66","TYNDP infrastructure-level planning capacity, not observed operational availability.",E0036,backbone,True,True
71,BGh2,GRh2,Bulgaria,Greece,2030,80.0,80.0,TYNDP2024_ANNEX_C2,"Annex C2, Detailed Nodes, Excel row 71","TYNDP infrastructure-level planning capacity, not observed operational availability.",E0037,backbone,True,True
72,BGh2,GRh2,Bulgaria,Greece,2040,80.0,80.0,TYNDP2024_ANNEX_C2,"Annex C2, Detailed Nodes, Excel row 72","TYNDP infrastructure-level planning capacity, not observed operational availability.",E0038,backbone,True,True
74,BGh2,MKh2,Bulgaria,North Macedonia,2030,0.0,0.0,TYNDP2024_ANNEX_C2,"Annex C2, Detailed Nodes, Excel row 74","TYNDP infrastructure-level planning capacity, not observed operational availability.",E0039,backbone,True,True
75,BGh2,MKh2,Bulgaria,North Macedonia,2040,0.0,0.0,TYNDP2024_ANNEX_C2,"Annex C2, Detailed Nodes, Excel row 75","TYNDP infrastructure-level planning capacity, not observed operational availability.",E0040,backbone,True,True
77,BGh2,ROh2,Bulgaria,Romania,2030,0.0,0.0,TYNDP2024_ANNEX_C2,"Annex C2, Detailed Nodes, Excel row 77","TYNDP infrastructure-level planning capacity, not observed operational availability.",E0041,backbone,True,True
78,BGh2,ROh2,Bulgaria,Romania,2040,0.0,0.0,TYNDP2024_ANNEX_C2,"Annex C2, Detailed Nodes, Excel row 78","TYNDP infrastructure-level planning capacity, not observed operational availability.",E0042,backbone,True,True
80,HRh2,ALh2,Croatia,Albania,2030,0.0,0.0,TYNDP2024_ANNEX_C2,"Annex C2, Detailed Nodes, Excel row 80","TYNDP infrastructure-level planning capacity, not observed operational availability.",E0043,backbone,True,True
81,HRh2,ALh2,Croatia,Albania,2040,0.0,0.0,TYNDP2024_ANNEX_C2,"Annex C2, Detailed Nodes, Excel row 81","TYNDP infrastructure-level planning capacity, not observed operational availability.",E0044,backbone,True,True
83,HRh2,BAh2,Croatia,Bosnia Herzegovina,2030,0.0,115.0,TYNDP2024_ANNEX_C2,"Annex C2, Detailed Nodes, Excel row 83","TYNDP infrastructure-level planning capacity, not observed operational availability.",E0045,backbone,True,True
84,HRh2,BAh2,Croatia,Bosnia Herzegovina,2040,0.0,115.0,TYNDP2024_ANNEX_C2,"Annex C2, Detailed Nodes, Excel row 84","TYNDP infrastructure-level planning capacity, not observed operational availability.",E0046,backbone,True,True
92,LH2_Tk_HR,HRh2,Croatia,Croatia,2030,0.0,0.0,TYNDP2024_ANNEX_C2,"Annex C2, Detailed Nodes, Excel row 92","TYNDP infrastructure-level planning capacity, not observed operational availability.",E0047,terminal_backbone,True,True
93,LH2_Tk_HR,HRh2,Croatia,Croatia,2040,0.0,0.0,TYNDP2024_ANNEX_C2,"Annex C2, Detailed Nodes, Excel row 93","TYNDP infrastructure-level planning capacity, not observed operational availability.",E0048,terminal_backbone,True,True
98,HRh2,HUh2,Croatia,Hungary,2030,0.0,0.0,TYNDP2024_ANNEX_C2,"Annex C2, Detailed Nodes, Excel row 98","TYNDP infrastructure-level planning capacity, not observed operational availability.",E0049,backbone,True,True
99,HRh2,HUh2,Croatia,Hungary,2040,0.0,0.0,TYNDP2024_ANNEX_C2,"Annex C2, Detailed Nodes, Excel row 99","TYNDP infrastructure-level planning capacity, not observed operational availability.",E0050,backbone,True,True
101,HRh2,RSh2,Croatia,Serbia,2030,0.0,0.0,TYNDP2024_ANNEX_C2,"Annex C2, Detailed Nodes, Excel row 101","TYNDP infrastructure-level planning capacity, not observed operational availability.",E0051,backbone,True,True
102,HRh2,RSh2,Croatia,Serbia,2040,0.0,0.0,TYNDP2024_ANNEX_C2,"Annex C2, Detailed Nodes, Excel row 102","TYNDP infrastructure-level planning capacity, not observed operational availability.",E0052,backbone,True,True
104,HRh2,SIh2,Croatia,Slovenia,2030,0.0,0.0,TYNDP2024_ANNEX_C2,"Annex C2, Detailed Nodes, Excel row 104","TYNDP infrastructure-level planning capacity, not observed operational availability.",E0053,backbone,True,True
105,HRh2,SIh2,Croatia,Slovenia,2040,0.0,0.0,TYNDP2024_ANNEX_C2,"Annex C2, Detailed Nodes, Excel row 105","TYNDP infrastructure-level planning capacity, not observed operational availability.",E0054,backbone,True,True
110,CYh2,GRh2,Cyprus,Greece,2030,0.0,0.0,TYNDP2024_ANNEX_C2,"Annex C2, Detailed Nodes, Excel row 110","TYNDP infrastructure-level planning capacity, not observed operational availability.",E0055,backbone,True,True
111,CYh2,GRh2,Cyprus,Greece,2040,0.0,0.0,TYNDP2024_ANNEX_C2,"Annex C2, Detailed Nodes, Excel row 111","TYNDP infrastructure-level planning capacity, not observed operational availability.",E0056,backbone,True,True
122,CZh2,DEh2,Czechia,Germany,2030,288.0,288.0,TYNDP2024_ANNEX_C2,"Annex C2, Detailed Nodes, Excel row 122","TYNDP infrastructure-level planning capacity, not observed operational availability.",E0057,backbone,True,True
123,CZh2,DEh2,Czechia,Germany,2040,288.0,288.0,TYNDP2024_ANNEX_C2,"Annex C2, Detailed Nodes, Excel row 123","TYNDP infrastructure-level planning capacity, not observed operational availability.",E0058,backbone,True,True
125,CZh2,PLh2S,Czechia,Poland,2030,0.0,0.0,TYNDP2024_ANNEX_C2,"Annex C2, Detailed Nodes, Excel row 125","TYNDP infrastructure-level planning capacity, not observed operational availability.",E0059,backbone,True,True
126,CZh2,PLh2S,Czechia,Poland,2040,0.0,0.0,TYNDP2024_ANNEX_C2,"Annex C2, Detailed Nodes, Excel row 126","TYNDP infrastructure-level planning capacity, not observed operational availability.",E0060,backbone,True,True
128,CZh2,IB-SKh2W,Czechia,Slovakia,2030,0.0,0.0,TYNDP2024_ANNEX_C2,"Annex C2, Detailed Nodes, Excel row 128","TYNDP infrastructure-level planning capacity, not observed operational availability.",E0061,backbone,True,True
129,CZh2,IB-SKh2W,Czechia,Slovakia,2040,0.0,0.0,TYNDP2024_ANNEX_C2,"Annex C2, Detailed Nodes, Excel row 129","TYNDP infrastructure-level planning capacity, not observed operational availability.",E0062,backbone,True,True
146,DKh2,DEh2,Denmark,Germany,2030,103.2,103.2,TYNDP2024_ANNEX_C2,"Annex C2, Detailed Nodes, Excel row 146","TYNDP infrastructure-level planning capacity, not observed operational availability.",E0063,backbone,True,True
147,DKh2,DEh2,Denmark,Germany,2040,103.2,103.2,TYNDP2024_ANNEX_C2,"Annex C2, Detailed Nodes, Excel row 147","TYNDP infrastructure-level planning capacity, not observed operational availability.",E0064,backbone,True,True
152,DKh2,NOh2,Denmark,Norway,2030,0.0,0.0,TYNDP2024_ANNEX_C2,"Annex C2, Detailed Nodes, Excel row 152","TYNDP infrastructure-level planning capacity, not observed operational availability.",E0065,backbone,True,True
153,DKh2,NOh2,Denmark,Norway,2040,0.0,0.0,TYNDP2024_ANNEX_C2,"Annex C2, Detailed Nodes, Excel row 153","TYNDP infrastructure-level planning capacity, not observed operational availability.",E0066,backbone,True,True
155,DKh2,PLh2N,Denmark,Poland,2030,0.0,0.0,TYNDP2024_ANNEX_C2,"Annex C2, Detailed Nodes, Excel row 155","TYNDP infrastructure-level planning capacity, not observed operational availability.",E0067,backbone,True,True
156,DKh2,PLh2N,Denmark,Poland,2040,0.0,0.0,TYNDP2024_ANNEX_C2,"Annex C2, Detailed Nodes, Excel row 156","TYNDP infrastructure-level planning capacity, not observed operational availability.",E0068,backbone,True,True
161,EEh2,FIh2S,Estonia,Finland,2030,100.0,100.0,TYNDP2024_ANNEX_C2,"Annex C2, Detailed Nodes, Excel row 161","TYNDP infrastructure-level planning capacity, not observed operational availability.",E0069,backbone,True,True
162,EEh2,FIh2S,Estonia,Finland,2040,100.0,100.0,TYNDP2024_ANNEX_C2,"Annex C2, Detailed Nodes, Excel row 162","TYNDP infrastructure-level planning capacity, not observed operational availability.",E0070,backbone,True,True
164,EEh2,LVh2,Estonia,Latvia,2030,200.0,200.0,TYNDP2024_ANNEX_C2,"Annex C2, Detailed Nodes, Excel row 164","TYNDP infrastructure-level planning capacity, not observed operational availability.",E0071,backbone,True,True
165,EEh2,LVh2,Estonia,Latvia,2040,200.0,200.0,TYNDP2024_ANNEX_C2,"Annex C2, Detailed Nodes, Excel row 165","TYNDP infrastructure-level planning capacity, not observed operational availability.",E0072,backbone,True,True
167,FIh2S,EEh2,Finland,Estonia,2030,200.0,200.0,TYNDP2024_ANNEX_C2,"Annex C2, Detailed Nodes, Excel row 167","TYNDP infrastructure-level planning capacity, not observed operational availability.",E0073,backbone,True,True
168,FIh2S,EEh2,Finland,Estonia,2040,200.0,200.0,TYNDP2024_ANNEX_C2,"Annex C2, Detailed Nodes, Excel row 168","TYNDP infrastructure-level planning capacity, not observed operational availability.",E0074,backbone,True,True
170,FIh2,FIh2Al,Finland,Finland,2030,504.0,504.0,TYNDP2024_ANNEX_C2,"Annex C2, Detailed Nodes, Excel row 170","TYNDP infrastructure-level planning capacity, not observed operational availability.",E0075,backbone,True,True
171,FIh2,FIh2Al,Finland,Finland,2040,504.0,504.0,TYNDP2024_ANNEX_C2,"Annex C2, Detailed Nodes, Excel row 171","TYNDP infrastructure-level planning capacity, not observed operational availability.",E0076,backbone,True,True
173,FIh2,FIh2N,Finland,Finland,2030,9999.0,9999.0,TYNDP2024_ANNEX_C2,"Annex C2, Detailed Nodes, Excel row 173","TYNDP infrastructure-level planning capacity, not observed operational availability.",E0077,backbone,True,True
174,FIh2,FIh2N,Finland,Finland,2040,9999.0,9999.0,TYNDP2024_ANNEX_C2,"Annex C2, Detailed Nodes, Excel row 174","TYNDP infrastructure-level planning capacity, not observed operational availability.",E0078,backbone,True,True
176,FIh2,FIh2S,Finland,Finland,2030,9999.0,9999.0,TYNDP2024_ANNEX_C2,"Annex C2, Detailed Nodes, Excel row 176","TYNDP infrastructure-level planning capacity, not observed operational availability.",E0079,backbone,True,True
177,FIh2,FIh2S,Finland,Finland,2040,9999.0,9999.0,TYNDP2024_ANNEX_C2,"Annex C2, Detailed Nodes, Excel row 177","TYNDP infrastructure-level planning capacity, not observed operational availability.",E0080,backbone,True,True
182,FIh2Al,FIh2,Finland,Finland,2030,504.0,504.0,TYNDP2024_ANNEX_C2,"Annex C2, Detailed Nodes, Excel row 182","TYNDP infrastructure-level planning capacity, not observed operational availability.",E0081,backbone,True,True
183,FIh2Al,FIh2,Finland,Finland,2040,504.0,504.0,TYNDP2024_ANNEX_C2,"Annex C2, Detailed Nodes, Excel row 183","TYNDP infrastructure-level planning capacity, not observed operational availability.",E0082,backbone,True,True
185,FIh2N,FIh2,Finland,Finland,2030,9999.0,9999.0,TYNDP2024_ANNEX_C2,"Annex C2, Detailed Nodes, Excel row 185","TYNDP infrastructure-level planning capacity, not observed operational availability.",E0083,backbone,True,True
186,FIh2N,FIh2,Finland,Finland,2040,9999.0,9999.0,TYNDP2024_ANNEX_C2,"Annex C2, Detailed Nodes, Excel row 186","TYNDP infrastructure-level planning capacity, not observed operational availability.",E0084,backbone,True,True
191,FIh2S,FIh2,Finland,Finland,2030,9999.0,9999.0,TYNDP2024_ANNEX_C2,"Annex C2, Detailed Nodes, Excel row 191","TYNDP infrastructure-level planning capacity, not observed operational availability.",E0085,backbone,True,True
192,FIh2S,FIh2,Finland,Finland,2040,9999.0,9999.0,TYNDP2024_ANNEX_C2,"Annex C2, Detailed Nodes, Excel row 192","TYNDP infrastructure-level planning capacity, not observed operational availability.",E0086,backbone,True,True
230,FIh2Al,DEh2,Finland,Germany,2030,262.0,262.0,TYNDP2024_ANNEX_C2,"Annex C2, Detailed Nodes, Excel row 230","TYNDP infrastructure-level planning capacity, not observed operational availability.",E0087,backbone,True,True
231,FIh2Al,DEh2,Finland,Germany,2040,262.0,262.0,TYNDP2024_ANNEX_C2,"Annex C2, Detailed Nodes, Excel row 231","TYNDP infrastructure-level planning capacity, not observed operational availability.",E0088,backbone,True,True
233,FIh2Al,PLh2N,Finland,Poland,2030,0.0,0.0,TYNDP2024_ANNEX_C2,"Annex C2, Detailed Nodes, Excel row 233","TYNDP infrastructure-level planning capacity, not observed operational availability.",E0089,backbone,True,True
234,FIh2Al,PLh2N,Finland,Poland,2040,0.0,0.0,TYNDP2024_ANNEX_C2,"Annex C2, Detailed Nodes, Excel row 234","TYNDP infrastructure-level planning capacity, not observed operational availability.",E0090,backbone,True,True
236,FIh2Al,SEh2,Finland,Sweden,2030,504.0,504.0,TYNDP2024_ANNEX_C2,"Annex C2, Detailed Nodes, Excel row 236","TYNDP infrastructure-level planning capacity, not observed operational availability.",E0091,backbone,True,True
237,FIh2Al,SEh2,Finland,Sweden,2040,504.0,504.0,TYNDP2024_ANNEX_C2,"Annex C2, Detailed Nodes, Excel row 237","TYNDP infrastructure-level planning capacity, not observed operational availability.",E0092,backbone,True,True
239,FIh2N,SEh2,Finland,Sweden,2030,162.0,162.0,TYNDP2024_ANNEX_C2,"Annex C2, Detailed Nodes, Excel row 239","TYNDP infrastructure-level planning capacity, not observed operational availability.",E0093,backbone,True,True
240,FIh2N,SEh2,Finland,Sweden,2040,162.0,162.0,TYNDP2024_ANNEX_C2,"Annex C2, Detailed Nodes, Excel row 240","TYNDP infrastructure-level planning capacity, not observed operational availability.",E0094,backbone,True,True
242,FRh2,BEh2,France,Belgium,2030,0.0,0.0,TYNDP2024_ANNEX_C2,"Annex C2, Detailed Nodes, Excel row 242","TYNDP infrastructure-level planning capacity, not observed operational availability.",E0095,backbone,True,True
243,FRh2,BEh2,France,Belgium,2040,36.0,36.0,TYNDP2024_ANNEX_C2,"Annex C2, Detailed Nodes, Excel row 243","TYNDP infrastructure-level planning capacity, not observed operational availability.",E0096,backbone,True,True
245,FRh2N,BEh2,France,Belgium,2030,0.0,0.0,TYNDP2024_ANNEX_C2,"Annex C2, Detailed Nodes, Excel row 245","TYNDP infrastructure-level planning capacity, not observed operational availability.",E0097,backbone,True,True
246,FRh2N,BEh2,France,Belgium,2040,48.0,48.0,TYNDP2024_ANNEX_C2,"Annex C2, Detailed Nodes, Excel row 246","TYNDP infrastructure-level planning capacity, not observed operational availability.",E0098,backbone,True,True
248,FRh2Va,BEH2Mo,France,Belgium,2030,24.0,24.0,TYNDP2024_ANNEX_C2,"Annex C2, Detailed Nodes, Excel row 248","TYNDP infrastructure-level planning capacity, not observed operational availability.",E0099,backbone,True,True
249,FRh2Va,BEH2Mo,France,Belgium,2040,24.0,24.0,TYNDP2024_ANNEX_C2,"Annex C2, Detailed Nodes, Excel row 249","TYNDP infrastructure-level planning capacity, not observed operational availability.",E0100,backbone,True,True
251,FRh2,FRh2N,France,France,2030,0.0,0.0,TYNDP2024_ANNEX_C2,"Annex C2, Detailed Nodes, Excel row 251","TYNDP infrastructure-level planning capacity, not observed operational availability.",E0101,backbone,True,True
252,FRh2,FRh2N,France,France,2040,0.0,0.0,TYNDP2024_ANNEX_C2,"Annex C2, Detailed Nodes, Excel row 252","TYNDP infrastructure-level planning capacity, not observed operational availability.",E0102,backbone,True,True
254,FRh2,FRh2S,France,France,2030,192.0,192.0,TYNDP2024_ANNEX_C2,"Annex C2, Detailed Nodes, Excel row 254","TYNDP infrastructure-level planning capacity, not observed operational availability.",E0103,backbone,True,True
255,FRh2,FRh2S,France,France,2040,192.0,192.0,TYNDP2024_ANNEX_C2,"Annex C2, Detailed Nodes, Excel row 255","TYNDP infrastructure-level planning capacity, not observed operational availability.",E0104,backbone,True,True
257,FRh2,FRh2SW,France,France,2030,0.0,0.0,TYNDP2024_ANNEX_C2,"Annex C2, Detailed Nodes, Excel row 257","TYNDP infrastructure-level planning capacity, not observed operational availability.",E0105,backbone,True,True
258,FRh2,FRh2SW,France,France,2040,0.0,0.0,TYNDP2024_ANNEX_C2,"Annex C2, Detailed Nodes, Excel row 258","TYNDP infrastructure-level planning capacity, not observed operational availability.",E0106,backbone,True,True
260,FRh2,FRh2Va,France,France,2030,24.0,24.0,TYNDP2024_ANNEX_C2,"Annex C2, Detailed Nodes, Excel row 260","TYNDP infrastructure-level planning capacity, not observed operational availability.",E0107,backbone,True,True
261,FRh2,FRh2Va,France,France,2040,24.0,24.0,TYNDP2024_ANNEX_C2,"Annex C2, Detailed Nodes, Excel row 261","TYNDP infrastructure-level planning capacity, not observed operational availability.",E0108,backbone,True,True
266,FRh2N,FRh2,France,France,2030,0.0,0.0,TYNDP2024_ANNEX_C2,"Annex C2, Detailed Nodes, Excel row 266","TYNDP infrastructure-level planning capacity, not observed operational availability.",E0109,backbone,True,True
267,FRh2N,FRh2,France,France,2040,0.0,0.0,TYNDP2024_ANNEX_C2,"Annex C2, Detailed Nodes, Excel row 267","TYNDP infrastructure-level planning capacity, not observed operational availability.",E0110,backbone,True,True
269,FRh2S,FRh2,France,France,2030,192.0,192.0,TYNDP2024_ANNEX_C2,"Annex C2, Detailed Nodes, Excel row 269","TYNDP infrastructure-level planning capacity, not observed operational availability.",E0111,backbone,True,True
270,FRh2S,FRh2,France,France,2040,192.0,192.0,TYNDP2024_ANNEX_C2,"Annex C2, Detailed Nodes, Excel row 270","TYNDP infrastructure-level planning capacity, not observed operational availability.",E0112,backbone,True,True
272,FRh2S,FRh2SW,France,France,2030,0.0,0.0,TYNDP2024_ANNEX_C2,"Annex C2, Detailed Nodes, Excel row 272","TYNDP infrastructure-level planning capacity, not observed operational availability.",E0113,backbone,True,True
273,FRh2S,FRh2SW,France,France,2040,0.0,0.0,TYNDP2024_ANNEX_C2,"Annex C2, Detailed Nodes, Excel row 273","TYNDP infrastructure-level planning capacity, not observed operational availability.",E0114,backbone,True,True
278,FRh2SW,FRh2,France,France,2030,0.0,0.0,TYNDP2024_ANNEX_C2,"Annex C2, Detailed Nodes, Excel row 278","TYNDP infrastructure-level planning capacity, not observed operational availability.",E0115,backbone,True,True
279,FRh2SW,FRh2,France,France,2040,0.0,0.0,TYNDP2024_ANNEX_C2,"Annex C2, Detailed Nodes, Excel row 279","TYNDP infrastructure-level planning capacity, not observed operational availability.",E0116,backbone,True,True
281,FRh2SW,FRh2S,France,France,2030,0.0,0.0,TYNDP2024_ANNEX_C2,"Annex C2, Detailed Nodes, Excel row 281","TYNDP infrastructure-level planning capacity, not observed operational availability.",E0117,backbone,True,True
282,FRh2SW,FRh2S,France,France,2040,0.0,0.0,TYNDP2024_ANNEX_C2,"Annex C2, Detailed Nodes, Excel row 282","TYNDP infrastructure-level planning capacity, not observed operational availability.",E0118,backbone,True,True
287,FRh2Va,FRh2,France,France,2030,24.0,24.0,TYNDP2024_ANNEX_C2,"Annex C2, Detailed Nodes, Excel row 287","TYNDP infrastructure-level planning capacity, not observed operational availability.",E0119,backbone,True,True
288,FRh2Va,FRh2,France,France,2040,24.0,24.0,TYNDP2024_ANNEX_C2,"Annex C2, Detailed Nodes, Excel row 288","TYNDP infrastructure-level planning capacity, not observed operational availability.",E0120,backbone,True,True
299,LH2_Tk_FRn,FRh2N,France,France,2030,0.0,0.0,TYNDP2024_ANNEX_C2,"Annex C2, Detailed Nodes, Excel row 299","TYNDP infrastructure-level planning capacity, not observed operational availability.",E0121,terminal_backbone,True,True
300,LH2_Tk_FRn,FRh2N,France,France,2040,48.0,48.0,TYNDP2024_ANNEX_C2,"Annex C2, Detailed Nodes, Excel row 300","TYNDP infrastructure-level planning capacity, not observed operational availability.",E0122,terminal_backbone,True,True
302,LH2_Tk_FRSW,FRh2SW,France,France,2030,0.0,0.0,TYNDP2024_ANNEX_C2,"Annex C2, Detailed Nodes, Excel row 302","TYNDP infrastructure-level planning capacity, not observed operational availability.",E0123,terminal_backbone,True,True
303,LH2_Tk_FRSW,FRh2SW,France,France,2040,0.0,0.0,TYNDP2024_ANNEX_C2,"Annex C2, Detailed Nodes, Excel row 303","TYNDP infrastructure-level planning capacity, not observed operational availability.",E0124,terminal_backbone,True,True
305,LH2_Tk_FRW,FRh2,France,France,2030,0.0,0.0,TYNDP2024_ANNEX_C2,"Annex C2, Detailed Nodes, Excel row 305","TYNDP infrastructure-level planning capacity, not observed operational availability.",E0125,terminal_backbone,True,True
306,LH2_Tk_FRW,FRh2,France,France,2040,0.0,0.0,TYNDP2024_ANNEX_C2,"Annex C2, Detailed Nodes, Excel row 306","TYNDP infrastructure-level planning capacity, not observed operational availability.",E0126,terminal_backbone,True,True
329,FRh2,DEh2,France,Germany,2030,209.5,209.5,TYNDP2024_ANNEX_C2,"Annex C2, Detailed Nodes, Excel row 329","TYNDP infrastructure-level planning capacity, not observed operational availability.",E0127,backbone,True,True
330,FRh2,DEh2,France,Germany,2040,209.5,209.5,TYNDP2024_ANNEX_C2,"Annex C2, Detailed Nodes, Excel row 330","TYNDP infrastructure-level planning capacity, not observed operational availability.",E0128,backbone,True,True
332,FRh2,LUh2,France,Luxemburg,2030,0.0,0.0,TYNDP2024_ANNEX_C2,"Annex C2, Detailed Nodes, Excel row 332","TYNDP infrastructure-level planning capacity, not observed operational availability.",E0129,backbone,True,True
333,FRh2,LUh2,France,Luxemburg,2040,0.0,0.0,TYNDP2024_ANNEX_C2,"Annex C2, Detailed Nodes, Excel row 333","TYNDP infrastructure-level planning capacity, not observed operational availability.",E0130,backbone,True,True
335,FRh2S,ESh2,France,Spain,2030,216.0,216.0,TYNDP2024_ANNEX_C2,"Annex C2, Detailed Nodes, Excel row 335","TYNDP infrastructure-level planning capacity, not observed operational availability.",E0131,backbone,True,True
336,FRh2S,ESh2,France,Spain,2040,216.0,216.0,TYNDP2024_ANNEX_C2,"Annex C2, Detailed Nodes, Excel row 336","TYNDP infrastructure-level planning capacity, not observed operational availability.",E0132,backbone,True,True
338,FRh2SW,ESh2,France,Spain,2030,0.0,0.0,TYNDP2024_ANNEX_C2,"Annex C2, Detailed Nodes, Excel row 338","TYNDP infrastructure-level planning capacity, not observed operational availability.",E0133,backbone,True,True
339,FRh2SW,ESh2,France,Spain,2040,0.0,0.0,TYNDP2024_ANNEX_C2,"Annex C2, Detailed Nodes, Excel row 339","TYNDP infrastructure-level planning capacity, not observed operational availability.",E0134,backbone,True,True
341,FRh2,CHh2,France,Switzerland,2030,0.0,0.0,TYNDP2024_ANNEX_C2,"Annex C2, Detailed Nodes, Excel row 341","TYNDP infrastructure-level planning capacity, not observed operational availability.",E0135,backbone,True,True
342,FRh2,CHh2,France,Switzerland,2040,0.0,0.0,TYNDP2024_ANNEX_C2,"Annex C2, Detailed Nodes, Excel row 342","TYNDP infrastructure-level planning capacity, not observed operational availability.",E0136,backbone,True,True
344,DEh2,ATh2,Germany,Austria,2030,150.0,150.0,TYNDP2024_ANNEX_C2,"Annex C2, Detailed Nodes, Excel row 344","TYNDP infrastructure-level planning capacity, not observed operational availability.",E0137,backbone,True,True
345,DEh2,ATh2,Germany,Austria,2040,150.0,150.0,TYNDP2024_ANNEX_C2,"Annex C2, Detailed Nodes, Excel row 345","TYNDP infrastructure-level planning capacity, not observed operational availability.",E0138,backbone,True,True
347,DEh2,BEh2,Germany,Belgium,2030,91.2,91.2,TYNDP2024_ANNEX_C2,"Annex C2, Detailed Nodes, Excel row 347","TYNDP infrastructure-level planning capacity, not observed operational availability.",E0139,backbone,True,True
348,DEh2,BEh2,Germany,Belgium,2040,91.2,91.2,TYNDP2024_ANNEX_C2,"Annex C2, Detailed Nodes, Excel row 348","TYNDP infrastructure-level planning capacity, not observed operational availability.",E0140,backbone,True,True
350,DEh2,CZh2,Germany,Czechia,2030,288.0,288.0,TYNDP2024_ANNEX_C2,"Annex C2, Detailed Nodes, Excel row 350","TYNDP infrastructure-level planning capacity, not observed operational availability.",E0141,backbone,True,True
351,DEh2,CZh2,Germany,Czechia,2040,288.0,288.0,TYNDP2024_ANNEX_C2,"Annex C2, Detailed Nodes, Excel row 351","TYNDP infrastructure-level planning capacity, not observed operational availability.",E0142,backbone,True,True
353,DEh2,DKh2,Germany,Denmark,2030,103.2,103.2,TYNDP2024_ANNEX_C2,"Annex C2, Detailed Nodes, Excel row 353","TYNDP infrastructure-level planning capacity, not observed operational availability.",E0143,backbone,True,True
354,DEh2,DKh2,Germany,Denmark,2040,103.2,103.2,TYNDP2024_ANNEX_C2,"Annex C2, Detailed Nodes, Excel row 354","TYNDP infrastructure-level planning capacity, not observed operational availability.",E0144,backbone,True,True
356,DEh2,FRh2,Germany,France,2030,192.9,192.9,TYNDP2024_ANNEX_C2,"Annex C2, Detailed Nodes, Excel row 356","TYNDP infrastructure-level planning capacity, not observed operational availability.",E0145,backbone,True,True
357,DEh2,FRh2,Germany,France,2040,192.9,192.9,TYNDP2024_ANNEX_C2,"Annex C2, Detailed Nodes, Excel row 357","TYNDP infrastructure-level planning capacity, not observed operational availability.",E0146,backbone,True,True
362,DEh2ba,DEh2,Germany,Germany,2030,0.0,43.0,TYNDP2024_ANNEX_C2,"Annex C2, Detailed Nodes, Excel row 362","TYNDP infrastructure-level planning capacity, not observed operational availability.",E0147,backbone,True,True
363,DEh2ba,DEh2,Germany,Germany,2040,0.0,43.0,TYNDP2024_ANNEX_C2,"Annex C2, Detailed Nodes, Excel row 363","TYNDP infrastructure-level planning capacity, not observed operational availability.",E0148,backbone,True,True
365,DEh2bp,DEh2,Germany,Germany,2030,0.0,13.0,TYNDP2024_ANNEX_C2,"Annex C2, Detailed Nodes, Excel row 365","TYNDP infrastructure-level planning capacity, not observed operational availability.",E0149,backbone,True,True
366,DEh2bp,DEh2,Germany,Germany,2040,0.0,13.0,TYNDP2024_ANNEX_C2,"Annex C2, Detailed Nodes, Excel row 366","TYNDP infrastructure-level planning capacity, not observed operational availability.",E0150,backbone,True,True
368,DEh2bp,DEh2ba,Germany,Germany,2030,0.0,43.0,TYNDP2024_ANNEX_C2,"Annex C2, Detailed Nodes, Excel row 368","TYNDP infrastructure-level planning capacity, not observed operational availability.",E0151,backbone,True,True
369,DEh2bp,DEh2ba,Germany,Germany,2040,0.0,43.0,TYNDP2024_ANNEX_C2,"Annex C2, Detailed Nodes, Excel row 369","TYNDP infrastructure-level planning capacity, not observed operational availability.",E0152,backbone,True,True
374,LH2_Tk_DE,DEh2,Germany,Germany,2030,31.2,31.2,TYNDP2024_ANNEX_C2,"Annex C2, Detailed Nodes, Excel row 374","TYNDP infrastructure-level planning capacity, not observed operational availability.",E0153,terminal_backbone,True,True
375,LH2_Tk_DE,DEh2,Germany,Germany,2040,54.7,54.7,TYNDP2024_ANNEX_C2,"Annex C2, Detailed Nodes, Excel row 375","TYNDP infrastructure-level planning capacity, not observed operational availability.",E0154,terminal_backbone,True,True
377,LH2_Tk_DEbp,DEh2bp,Germany,Germany,2030,13.0,13.0,TYNDP2024_ANNEX_C2,"Annex C2, Detailed Nodes, Excel row 377","TYNDP infrastructure-level planning capacity, not observed operational availability.",E0155,terminal_backbone,True,True
378,LH2_Tk_DEbp,DEh2bp,Germany,Germany,2040,13.0,13.0,TYNDP2024_ANNEX_C2,"Annex C2, Detailed Nodes, Excel row 378","TYNDP infrastructure-level planning capacity, not observed operational availability.",E0156,terminal_backbone,True,True
386,DEh2,NLh2,Germany,Netherlands,2030,172.8,298.3,TYNDP2024_ANNEX_C2,"Annex C2, Detailed Nodes, Excel row 386","TYNDP infrastructure-level planning capacity, not observed operational availability.",E0157,backbone,True,True
387,DEh2,NLh2,Germany,Netherlands,2040,172.8,298.3,TYNDP2024_ANNEX_C2,"Annex C2, Detailed Nodes, Excel row 387","TYNDP infrastructure-level planning capacity, not observed operational availability.",E0158,backbone,True,True
389,DEh2,Y-NOh2,Germany,Norway,2030,0.0,0.0,TYNDP2024_ANNEX_C2,"Annex C2, Detailed Nodes, Excel row 389","TYNDP infrastructure-level planning capacity, not observed operational availability.",E0159,backbone,True,True
390,DEh2,Y-NOh2,Germany,Norway,2040,0.0,0.0,TYNDP2024_ANNEX_C2,"Annex C2, Detailed Nodes, Excel row 390","TYNDP infrastructure-level planning capacity, not observed operational availability.",E0160,backbone,True,True
392,DEh2,PLh2N,Germany,Poland,2030,0.0,19.2,TYNDP2024_ANNEX_C2,"Annex C2, Detailed Nodes, Excel row 392","TYNDP infrastructure-level planning capacity, not observed operational availability.",E0161,backbone,True,True
393,DEh2,PLh2N,Germany,Poland,2040,0.0,19.2,TYNDP2024_ANNEX_C2,"Annex C2, Detailed Nodes, Excel row 393","TYNDP infrastructure-level planning capacity, not observed operational availability.",E0162,backbone,True,True
395,DEh2,PLh2nbc,Germany,Poland,2030,100.0,100.0,TYNDP2024_ANNEX_C2,"Annex C2, Detailed Nodes, Excel row 395","TYNDP infrastructure-level planning capacity, not observed operational availability.",E0163,backbone,True,True
396,DEh2,PLh2nbc,Germany,Poland,2040,100.0,100.0,TYNDP2024_ANNEX_C2,"Annex C2, Detailed Nodes, Excel row 396","TYNDP infrastructure-level planning capacity, not observed operational availability.",E0164,backbone,True,True
398,DEh2,CHh2,Germany,Switzerland,2030,0.0,0.0,TYNDP2024_ANNEX_C2,"Annex C2, Detailed Nodes, Excel row 398","TYNDP infrastructure-level planning capacity, not observed operational availability.",E0165,backbone,True,True
399,DEh2,CHh2,Germany,Switzerland,2040,0.0,0.0,TYNDP2024_ANNEX_C2,"Annex C2, Detailed Nodes, Excel row 399","TYNDP infrastructure-level planning capacity, not observed operational availability.",E0166,backbone,True,True
401,GRh2,BGh2,Greece,Bulgaria,2030,80.0,80.0,TYNDP2024_ANNEX_C2,"Annex C2, Detailed Nodes, Excel row 401","TYNDP infrastructure-level planning capacity, not observed operational availability.",E0167,backbone,True,True
402,GRh2,BGh2,Greece,Bulgaria,2040,80.0,80.0,TYNDP2024_ANNEX_C2,"Annex C2, Detailed Nodes, Excel row 402","TYNDP infrastructure-level planning capacity, not observed operational availability.",E0168,backbone,True,True
404,GRh2,CYh2,Greece,Cyprus,2030,0.0,0.0,TYNDP2024_ANNEX_C2,"Annex C2, Detailed Nodes, Excel row 404","TYNDP infrastructure-level planning capacity, not observed operational availability.",E0169,backbone,True,True
405,GRh2,CYh2,Greece,Cyprus,2040,0.0,0.0,TYNDP2024_ANNEX_C2,"Annex C2, Detailed Nodes, Excel row 405","TYNDP infrastructure-level planning capacity, not observed operational availability.",E0170,backbone,True,True
419,GRh2,ITh2,Greece,Italy,2030,0.0,0.0,TYNDP2024_ANNEX_C2,"Annex C2, Detailed Nodes, Excel row 419","TYNDP infrastructure-level planning capacity, not observed operational availability.",E0171,backbone,True,True
420,GRh2,ITh2,Greece,Italy,2040,0.0,0.0,TYNDP2024_ANNEX_C2,"Annex C2, Detailed Nodes, Excel row 420","TYNDP infrastructure-level planning capacity, not observed operational availability.",E0172,backbone,True,True
422,GRh2,TRh2,Greece,Turkey,2030,0.0,0.0,TYNDP2024_ANNEX_C2,"Annex C2, Detailed Nodes, Excel row 422","TYNDP infrastructure-level planning capacity, not observed operational availability.",E0173,backbone,True,True
423,GRh2,TRh2,Greece,Turkey,2040,0.0,0.0,TYNDP2024_ANNEX_C2,"Annex C2, Detailed Nodes, Excel row 423","TYNDP infrastructure-level planning capacity, not observed operational availability.",E0174,backbone,True,True
425,HUh2,ATh2,Hungary,Austria,2030,0.0,0.0,TYNDP2024_ANNEX_C2,"Annex C2, Detailed Nodes, Excel row 425","TYNDP infrastructure-level planning capacity, not observed operational availability.",E0175,backbone,True,True
426,HUh2,ATh2,Hungary,Austria,2040,0.0,0.0,TYNDP2024_ANNEX_C2,"Annex C2, Detailed Nodes, Excel row 426","TYNDP infrastructure-level planning capacity, not observed operational availability.",E0176,backbone,True,True
428,HUh2,HRh2,Hungary,Croatia,2030,0.0,0.0,TYNDP2024_ANNEX_C2,"Annex C2, Detailed Nodes, Excel row 428","TYNDP infrastructure-level planning capacity, not observed operational availability.",E0177,backbone,True,True
429,HUh2,HRh2,Hungary,Croatia,2040,0.0,0.0,TYNDP2024_ANNEX_C2,"Annex C2, Detailed Nodes, Excel row 429","TYNDP infrastructure-level planning capacity, not observed operational availability.",E0178,backbone,True,True
440,HUh2,ROh2,Hungary,Romania,2030,0.0,76.8,TYNDP2024_ANNEX_C2,"Annex C2, Detailed Nodes, Excel row 440","TYNDP infrastructure-level planning capacity, not observed operational availability.",E0179,backbone,True,True
441,HUh2,ROh2,Hungary,Romania,2040,0.0,76.8,TYNDP2024_ANNEX_C2,"Annex C2, Detailed Nodes, Excel row 441","TYNDP infrastructure-level planning capacity, not observed operational availability.",E0180,backbone,True,True
443,HUh2,RSh2,Hungary,Serbia,2030,0.0,0.0,TYNDP2024_ANNEX_C2,"Annex C2, Detailed Nodes, Excel row 443","TYNDP infrastructure-level planning capacity, not observed operational availability.",E0181,backbone,True,True
444,HUh2,RSh2,Hungary,Serbia,2040,0.0,0.0,TYNDP2024_ANNEX_C2,"Annex C2, Detailed Nodes, Excel row 444","TYNDP infrastructure-level planning capacity, not observed operational availability.",E0182,backbone,True,True
446,HUh2,IB-SKh2C,Hungary,Slovakia,2030,0.0,100.0,TYNDP2024_ANNEX_C2,"Annex C2, Detailed Nodes, Excel row 446","TYNDP infrastructure-level planning capacity, not observed operational availability.",E0183,backbone,True,True
447,HUh2,IB-SKh2C,Hungary,Slovakia,2040,0.0,100.0,TYNDP2024_ANNEX_C2,"Annex C2, Detailed Nodes, Excel row 447","TYNDP infrastructure-level planning capacity, not observed operational availability.",E0184,backbone,True,True
449,HUh2,SIh2,Hungary,Slovenia,2030,0.0,0.0,TYNDP2024_ANNEX_C2,"Annex C2, Detailed Nodes, Excel row 449","TYNDP infrastructure-level planning capacity, not observed operational availability.",E0185,backbone,True,True
450,HUh2,SIh2,Hungary,Slovenia,2040,0.0,0.0,TYNDP2024_ANNEX_C2,"Annex C2, Detailed Nodes, Excel row 450","TYNDP infrastructure-level planning capacity, not observed operational availability.",E0186,backbone,True,True
452,HUh2,UAh2,Hungary,Ukraine,2030,0.0,0.0,TYNDP2024_ANNEX_C2,"Annex C2, Detailed Nodes, Excel row 452","TYNDP infrastructure-level planning capacity, not observed operational availability.",E0187,backbone,True,True
453,HUh2,UAh2,Hungary,Ukraine,2040,0.0,0.0,TYNDP2024_ANNEX_C2,"Annex C2, Detailed Nodes, Excel row 453","TYNDP infrastructure-level planning capacity, not observed operational availability.",E0188,backbone,True,True
458,IEh2,UKh2,Ireland,United Kingdom,2030,0.0,0.0,TYNDP2024_ANNEX_C2,"Annex C2, Detailed Nodes, Excel row 458","TYNDP infrastructure-level planning capacity, not observed operational availability.",E0189,backbone,True,True
459,IEh2,UKh2,Ireland,United Kingdom,2040,0.0,0.0,TYNDP2024_ANNEX_C2,"Annex C2, Detailed Nodes, Excel row 459","TYNDP infrastructure-level planning capacity, not observed operational availability.",E0190,backbone,True,True
461,ILh2,GRh2,Israel,Greece,2030,0.0,0.0,TYNDP2024_ANNEX_C2,"Annex C2, Detailed Nodes, Excel row 461","TYNDP infrastructure-level planning capacity, not observed operational availability.",E0191,backbone,True,True
462,ILh2,GRh2,Israel,Greece,2040,0.0,0.0,TYNDP2024_ANNEX_C2,"Annex C2, Detailed Nodes, Excel row 462","TYNDP infrastructure-level planning capacity, not observed operational availability.",E0192,backbone,True,True
464,IB-ITh2,ATh2,Italy,Austria,2030,168.0,168.0,TYNDP2024_ANNEX_C2,"Annex C2, Detailed Nodes, Excel row 464","TYNDP infrastructure-level planning capacity, not observed operational availability.",E0193,backbone,True,True
465,IB-ITh2,ATh2,Italy,Austria,2040,168.0,168.0,TYNDP2024_ANNEX_C2,"Annex C2, Detailed Nodes, Excel row 465","TYNDP infrastructure-level planning capacity, not observed operational availability.",E0194,backbone,True,True
467,ITh2,GRh2,Italy,Greece,2030,0.0,0.0,TYNDP2024_ANNEX_C2,"Annex C2, Detailed Nodes, Excel row 467","TYNDP infrastructure-level planning capacity, not observed operational availability.",E0195,backbone,True,True
468,ITh2,GRh2,Italy,Greece,2040,0.0,0.0,TYNDP2024_ANNEX_C2,"Annex C2, Detailed Nodes, Excel row 468","TYNDP infrastructure-level planning capacity, not observed operational availability.",E0196,backbone,True,True
473,ITh2,IB-ITh2,Italy,Italy,2030,200.0,200.0,TYNDP2024_ANNEX_C2,"Annex C2, Detailed Nodes, Excel row 473","TYNDP infrastructure-level planning capacity, not observed operational availability.",E0197,backbone,True,True
474,ITh2,IB-ITh2,Italy,Italy,2040,200.0,200.0,TYNDP2024_ANNEX_C2,"Annex C2, Detailed Nodes, Excel row 474","TYNDP infrastructure-level planning capacity, not observed operational availability.",E0198,backbone,True,True
479,LH2_Tk_ITa,IB-ITh2,Italy,Italy,2030,0.0,0.0,TYNDP2024_ANNEX_C2,"Annex C2, Detailed Nodes, Excel row 479","TYNDP infrastructure-level planning capacity, not observed operational availability.",E0199,terminal_backbone,True,True
480,LH2_Tk_ITa,IB-ITh2,Italy,Italy,2040,0.0,0.0,TYNDP2024_ANNEX_C2,"Annex C2, Detailed Nodes, Excel row 480","TYNDP infrastructure-level planning capacity, not observed operational availability.",E0200,terminal_backbone,True,True
488,ITh2,SIh2,Italy,Slovenia,2030,0.0,0.0,TYNDP2024_ANNEX_C2,"Annex C2, Detailed Nodes, Excel row 488","TYNDP infrastructure-level planning capacity, not observed operational availability.",E0201,backbone,True,True
489,ITh2,SIh2,Italy,Slovenia,2040,0.0,0.0,TYNDP2024_ANNEX_C2,"Annex C2, Detailed Nodes, Excel row 489","TYNDP infrastructure-level planning capacity, not observed operational availability.",E0202,backbone,True,True
491,ITh2,ESh2,Italy,Spain,2030,0.0,0.0,TYNDP2024_ANNEX_C2,"Annex C2, Detailed Nodes, Excel row 491","TYNDP infrastructure-level planning capacity, not observed operational availability.",E0203,backbone,True,True
492,ITh2,ESh2,Italy,Spain,2040,0.0,0.0,TYNDP2024_ANNEX_C2,"Annex C2, Detailed Nodes, Excel row 492","TYNDP infrastructure-level planning capacity, not observed operational availability.",E0204,backbone,True,True
494,IB-ITh2,CHh2,Italy,Switzerland,2030,0.0,0.0,TYNDP2024_ANNEX_C2,"Annex C2, Detailed Nodes, Excel row 494","TYNDP infrastructure-level planning capacity, not observed operational availability.",E0205,backbone,True,True
495,IB-ITh2,CHh2,Italy,Switzerland,2040,0.0,0.0,TYNDP2024_ANNEX_C2,"Annex C2, Detailed Nodes, Excel row 495","TYNDP infrastructure-level planning capacity, not observed operational availability.",E0206,backbone,True,True
497,LVh2,EEh2,Latvia,Estonia,2030,100.0,100.0,TYNDP2024_ANNEX_C2,"Annex C2, Detailed Nodes, Excel row 497","TYNDP infrastructure-level planning capacity, not observed operational availability.",E0207,backbone,True,True
498,LVh2,EEh2,Latvia,Estonia,2040,100.0,100.0,TYNDP2024_ANNEX_C2,"Annex C2, Detailed Nodes, Excel row 498","TYNDP infrastructure-level planning capacity, not observed operational availability.",E0208,backbone,True,True
509,LVh2,LTh2,Latvia,Lithuania,2030,200.0,200.0,TYNDP2024_ANNEX_C2,"Annex C2, Detailed Nodes, Excel row 509","TYNDP infrastructure-level planning capacity, not observed operational availability.",E0209,backbone,True,True
510,LVh2,LTh2,Latvia,Lithuania,2040,200.0,200.0,TYNDP2024_ANNEX_C2,"Annex C2, Detailed Nodes, Excel row 510","TYNDP infrastructure-level planning capacity, not observed operational availability.",E0210,backbone,True,True
512,LTh2,LVh2,Lithuania,Latvia,2030,100.0,100.0,TYNDP2024_ANNEX_C2,"Annex C2, Detailed Nodes, Excel row 512","TYNDP infrastructure-level planning capacity, not observed operational availability.",E0211,backbone,True,True
513,LTh2,LVh2,Lithuania,Latvia,2040,100.0,100.0,TYNDP2024_ANNEX_C2,"Annex C2, Detailed Nodes, Excel row 513","TYNDP infrastructure-level planning capacity, not observed operational availability.",E0212,backbone,True,True
518,LTh2,PLh2nbc,Lithuania,Poland,2030,200.0,200.0,TYNDP2024_ANNEX_C2,"Annex C2, Detailed Nodes, Excel row 518","TYNDP infrastructure-level planning capacity, not observed operational availability.",E0213,backbone,True,True
519,LTh2,PLh2nbc,Lithuania,Poland,2040,200.0,200.0,TYNDP2024_ANNEX_C2,"Annex C2, Detailed Nodes, Excel row 519","TYNDP infrastructure-level planning capacity, not observed operational availability.",E0214,backbone,True,True
521,LUh2,BEh2,Luxemburg,Belgium,2030,0.0,0.0,TYNDP2024_ANNEX_C2,"Annex C2, Detailed Nodes, Excel row 521","TYNDP infrastructure-level planning capacity, not observed operational availability.",E0215,backbone,True,True
522,LUh2,BEh2,Luxemburg,Belgium,2040,0.0,0.0,TYNDP2024_ANNEX_C2,"Annex C2, Detailed Nodes, Excel row 522","TYNDP infrastructure-level planning capacity, not observed operational availability.",E0216,backbone,True,True
524,LUh2,FRh2,Luxemburg,France,2030,0.0,0.0,TYNDP2024_ANNEX_C2,"Annex C2, Detailed Nodes, Excel row 524","TYNDP infrastructure-level planning capacity, not observed operational availability.",E0217,backbone,True,True
525,LUh2,FRh2,Luxemburg,France,2040,0.0,0.0,TYNDP2024_ANNEX_C2,"Annex C2, Detailed Nodes, Excel row 525","TYNDP infrastructure-level planning capacity, not observed operational availability.",E0218,backbone,True,True
530,MDh2,ROh2,Moldavia,Romania,2030,0.0,0.0,TYNDP2024_ANNEX_C2,"Annex C2, Detailed Nodes, Excel row 530","TYNDP infrastructure-level planning capacity, not observed operational availability.",E0219,backbone,True,True
531,MDh2,ROh2,Moldavia,Romania,2040,0.0,0.0,TYNDP2024_ANNEX_C2,"Annex C2, Detailed Nodes, Excel row 531","TYNDP infrastructure-level planning capacity, not observed operational availability.",E0220,backbone,True,True
533,MAh2,ESh2,Morocco,Spain,2030,0.0,0.0,TYNDP2024_ANNEX_C2,"Annex C2, Detailed Nodes, Excel row 533","TYNDP infrastructure-level planning capacity, not observed operational availability.",E0221,backbone,True,True
534,MAh2,ESh2,Morocco,Spain,2040,106.0,106.0,TYNDP2024_ANNEX_C2,"Annex C2, Detailed Nodes, Excel row 534","TYNDP infrastructure-level planning capacity, not observed operational availability.",E0222,backbone,True,True
536,NLh2,BEh2,Netherlands,Belgium,2030,36.0,36.0,TYNDP2024_ANNEX_C2,"Annex C2, Detailed Nodes, Excel row 536","TYNDP infrastructure-level planning capacity, not observed operational availability.",E0223,backbone,True,True
537,NLh2,BEh2,Netherlands,Belgium,2040,120.0,120.0,TYNDP2024_ANNEX_C2,"Annex C2, Detailed Nodes, Excel row 537","TYNDP infrastructure-level planning capacity, not observed operational availability.",E0224,backbone,True,True
539,NLh2,DEh2,Netherlands,Germany,2030,204.0,280.8,TYNDP2024_ANNEX_C2,"Annex C2, Detailed Nodes, Excel row 539","TYNDP infrastructure-level planning capacity, not observed operational availability.",E0225,backbone,True,True
540,NLh2,DEh2,Netherlands,Germany,2040,204.0,280.8,TYNDP2024_ANNEX_C2,"Annex C2, Detailed Nodes, Excel row 540","TYNDP infrastructure-level planning capacity, not observed operational availability.",E0226,backbone,True,True
545,LH2_Tk_NL,NLh2,Netherlands,Netherlands,2030,90.8,136.3,TYNDP2024_ANNEX_C2,"Annex C2, Detailed Nodes, Excel row 545","TYNDP infrastructure-level planning capacity, not observed operational availability.",E0227,terminal_backbone,True,True
546,LH2_Tk_NL,NLh2,Netherlands,Netherlands,2040,177.1,222.6,TYNDP2024_ANNEX_C2,"Annex C2, Detailed Nodes, Excel row 546","TYNDP infrastructure-level planning capacity, not observed operational availability.",E0228,terminal_backbone,True,True
557,NLh2,UKh2,Netherlands,United Kingdom,2030,0.0,0.0,TYNDP2024_ANNEX_C2,"Annex C2, Detailed Nodes, Excel row 557","TYNDP infrastructure-level planning capacity, not observed operational availability.",E0229,backbone,True,True
558,NLh2,UKh2,Netherlands,United Kingdom,2040,0.0,0.0,TYNDP2024_ANNEX_C2,"Annex C2, Detailed Nodes, Excel row 558","TYNDP infrastructure-level planning capacity, not observed operational availability.",E0230,backbone,True,True
560,NOh2,DKh2,Norway,Denmark,2030,0.0,0.0,TYNDP2024_ANNEX_C2,"Annex C2, Detailed Nodes, Excel row 560","TYNDP infrastructure-level planning capacity, not observed operational availability.",E0231,backbone,True,True
561,NOh2,DKh2,Norway,Denmark,2040,0.0,0.0,TYNDP2024_ANNEX_C2,"Annex C2, Detailed Nodes, Excel row 561","TYNDP infrastructure-level planning capacity, not observed operational availability.",E0232,backbone,True,True
563,Y-NOh2,DEh2,Norway,Germany,2030,0.0,0.0,TYNDP2024_ANNEX_C2,"Annex C2, Detailed Nodes, Excel row 563","TYNDP infrastructure-level planning capacity, not observed operational availability.",E0233,backbone,True,True
564,Y-NOh2,DEh2,Norway,Germany,2040,432.0,432.0,TYNDP2024_ANNEX_C2,"Annex C2, Detailed Nodes, Excel row 564","TYNDP infrastructure-level planning capacity, not observed operational availability.",E0234,backbone,True,True
569,NOh2,Y-NOh2,Norway,Norway,2030,0.0,0.0,TYNDP2024_ANNEX_C2,"Annex C2, Detailed Nodes, Excel row 569","TYNDP infrastructure-level planning capacity, not observed operational availability.",E0235,backbone,True,True
570,NOh2,Y-NOh2,Norway,Norway,2040,432.0,432.0,TYNDP2024_ANNEX_C2,"Annex C2, Detailed Nodes, Excel row 570","TYNDP infrastructure-level planning capacity, not observed operational availability.",E0236,backbone,True,True
581,PLh2S,CZh2,Poland,Czechia,2030,0.0,0.0,TYNDP2024_ANNEX_C2,"Annex C2, Detailed Nodes, Excel row 581","TYNDP infrastructure-level planning capacity, not observed operational availability.",E0237,backbone,True,True
582,PLh2S,CZh2,Poland,Czechia,2040,0.0,0.0,TYNDP2024_ANNEX_C2,"Annex C2, Detailed Nodes, Excel row 582","TYNDP infrastructure-level planning capacity, not observed operational availability.",E0238,backbone,True,True
584,PLh2N,DKh2,Poland,Denmark,2030,0.0,0.0,TYNDP2024_ANNEX_C2,"Annex C2, Detailed Nodes, Excel row 584","TYNDP infrastructure-level planning capacity, not observed operational availability.",E0239,backbone,True,True
585,PLh2N,DKh2,Poland,Denmark,2040,0.0,0.0,TYNDP2024_ANNEX_C2,"Annex C2, Detailed Nodes, Excel row 585","TYNDP infrastructure-level planning capacity, not observed operational availability.",E0240,backbone,True,True
587,PLh2N,FIh2Al,Poland,Finland,2030,0.0,0.0,TYNDP2024_ANNEX_C2,"Annex C2, Detailed Nodes, Excel row 587","TYNDP infrastructure-level planning capacity, not observed operational availability.",E0241,backbone,True,True
588,PLh2N,FIh2Al,Poland,Finland,2040,0.0,0.0,TYNDP2024_ANNEX_C2,"Annex C2, Detailed Nodes, Excel row 588","TYNDP infrastructure-level planning capacity, not observed operational availability.",E0242,backbone,True,True
590,PLh2N,DEh2,Poland,Germany,2030,0.0,19.2,TYNDP2024_ANNEX_C2,"Annex C2, Detailed Nodes, Excel row 590","TYNDP infrastructure-level planning capacity, not observed operational availability.",E0243,backbone,True,True
591,PLh2N,DEh2,Poland,Germany,2040,0.0,19.2,TYNDP2024_ANNEX_C2,"Annex C2, Detailed Nodes, Excel row 591","TYNDP infrastructure-level planning capacity, not observed operational availability.",E0244,backbone,True,True
593,PLh2nbc,DEh2,Poland,Germany,2030,200.0,200.0,TYNDP2024_ANNEX_C2,"Annex C2, Detailed Nodes, Excel row 593","TYNDP infrastructure-level planning capacity, not observed operational availability.",E0245,backbone,True,True
594,PLh2nbc,DEh2,Poland,Germany,2040,200.0,200.0,TYNDP2024_ANNEX_C2,"Annex C2, Detailed Nodes, Excel row 594","TYNDP infrastructure-level planning capacity, not observed operational availability.",E0246,backbone,True,True
596,PLh2nbc,LTh2,Poland,Lithuania,2030,100.0,100.0,TYNDP2024_ANNEX_C2,"Annex C2, Detailed Nodes, Excel row 596","TYNDP infrastructure-level planning capacity, not observed operational availability.",E0247,backbone,True,True
597,PLh2nbc,LTh2,Poland,Lithuania,2040,100.0,100.0,TYNDP2024_ANNEX_C2,"Annex C2, Detailed Nodes, Excel row 597","TYNDP infrastructure-level planning capacity, not observed operational availability.",E0248,backbone,True,True
608,LH2_Tk_PLN,PLh2N,Poland,Poland,2030,0.0,17.7,TYNDP2024_ANNEX_C2,"Annex C2, Detailed Nodes, Excel row 608","TYNDP infrastructure-level planning capacity, not observed operational availability.",E0249,terminal_backbone,True,True
609,LH2_Tk_PLN,PLh2N,Poland,Poland,2040,0.0,17.7,TYNDP2024_ANNEX_C2,"Annex C2, Detailed Nodes, Excel row 609","TYNDP infrastructure-level planning capacity, not observed operational availability.",E0250,terminal_backbone,True,True
626,PLh2N,PLh2S,Poland,Poland,2030,0.0,0.0,TYNDP2024_ANNEX_C2,"Annex C2, Detailed Nodes, Excel row 626","TYNDP infrastructure-level planning capacity, not observed operational availability.",E0251,backbone,True,True
627,PLh2N,PLh2S,Poland,Poland,2040,0.0,100.0,TYNDP2024_ANNEX_C2,"Annex C2, Detailed Nodes, Excel row 627","TYNDP infrastructure-level planning capacity, not observed operational availability.",E0252,backbone,True,True
632,PLh2nbc,PLh2N,Poland,Poland,2030,100.0,150.0,TYNDP2024_ANNEX_C2,"Annex C2, Detailed Nodes, Excel row 632","TYNDP infrastructure-level planning capacity, not observed operational availability.",E0253,backbone,True,True
633,PLh2nbc,PLh2N,Poland,Poland,2040,100.0,150.0,TYNDP2024_ANNEX_C2,"Annex C2, Detailed Nodes, Excel row 633","TYNDP infrastructure-level planning capacity, not observed operational availability.",E0254,backbone,True,True
635,PLh2nbc,PLh2S,Poland,Poland,2030,0.0,0.0,TYNDP2024_ANNEX_C2,"Annex C2, Detailed Nodes, Excel row 635","TYNDP infrastructure-level planning capacity, not observed operational availability.",E0255,backbone,True,True
636,PLh2nbc,PLh2S,Poland,Poland,2040,0.0,0.0,TYNDP2024_ANNEX_C2,"Annex C2, Detailed Nodes, Excel row 636","TYNDP infrastructure-level planning capacity, not observed operational availability.",E0256,backbone,True,True
641,PLh2S,PLh2N,Poland,Poland,2030,0.0,0.0,TYNDP2024_ANNEX_C2,"Annex C2, Detailed Nodes, Excel row 641","TYNDP infrastructure-level planning capacity, not observed operational availability.",E0257,backbone,True,True
642,PLh2S,PLh2N,Poland,Poland,2040,0.0,0.0,TYNDP2024_ANNEX_C2,"Annex C2, Detailed Nodes, Excel row 642","TYNDP infrastructure-level planning capacity, not observed operational availability.",E0258,backbone,True,True
644,PLh2S,PLh2nbc,Poland,Poland,2030,0.0,0.0,TYNDP2024_ANNEX_C2,"Annex C2, Detailed Nodes, Excel row 644","TYNDP infrastructure-level planning capacity, not observed operational availability.",E0259,backbone,True,True
645,PLh2S,PLh2nbc,Poland,Poland,2040,50.0,50.0,TYNDP2024_ANNEX_C2,"Annex C2, Detailed Nodes, Excel row 645","TYNDP infrastructure-level planning capacity, not observed operational availability.",E0260,backbone,True,True
647,PLh2S,IB-SKh2E,Poland,Slovakia,2030,0.0,0.0,TYNDP2024_ANNEX_C2,"Annex C2, Detailed Nodes, Excel row 647","TYNDP infrastructure-level planning capacity, not observed operational availability.",E0261,backbone,True,True
648,PLh2S,IB-SKh2E,Poland,Slovakia,2040,0.0,0.0,TYNDP2024_ANNEX_C2,"Annex C2, Detailed Nodes, Excel row 648","TYNDP infrastructure-level planning capacity, not observed operational availability.",E0262,backbone,True,True
650,PLh2S,UAh2,Poland,Ukraine,2030,0.0,0.0,TYNDP2024_ANNEX_C2,"Annex C2, Detailed Nodes, Excel row 650","TYNDP infrastructure-level planning capacity, not observed operational availability.",E0263,backbone,True,True
651,PLh2S,UAh2,Poland,Ukraine,2040,0.0,0.0,TYNDP2024_ANNEX_C2,"Annex C2, Detailed Nodes, Excel row 651","TYNDP infrastructure-level planning capacity, not observed operational availability.",E0264,backbone,True,True
653,LH2_Tk_PT,PTh2,Portugal,Portugal,2030,0.0,0.0,TYNDP2024_ANNEX_C2,"Annex C2, Detailed Nodes, Excel row 653","TYNDP infrastructure-level planning capacity, not observed operational availability.",E0265,terminal_backbone,True,True
654,LH2_Tk_PT,PTh2,Portugal,Portugal,2040,0.0,0.0,TYNDP2024_ANNEX_C2,"Annex C2, Detailed Nodes, Excel row 654","TYNDP infrastructure-level planning capacity, not observed operational availability.",E0266,terminal_backbone,True,True
665,PTh2,ESh2,Portugal,Spain,2030,81.0,81.0,TYNDP2024_ANNEX_C2,"Annex C2, Detailed Nodes, Excel row 665","TYNDP infrastructure-level planning capacity, not observed operational availability.",E0267,backbone,True,True
666,PTh2,ESh2,Portugal,Spain,2040,81.0,81.0,TYNDP2024_ANNEX_C2,"Annex C2, Detailed Nodes, Excel row 666","TYNDP infrastructure-level planning capacity, not observed operational availability.",E0268,backbone,True,True
668,ROh2,BGh2,Romania,Bulgaria,2030,0.0,0.0,TYNDP2024_ANNEX_C2,"Annex C2, Detailed Nodes, Excel row 668","TYNDP infrastructure-level planning capacity, not observed operational availability.",E0269,backbone,True,True
669,ROh2,BGh2,Romania,Bulgaria,2040,0.0,0.0,TYNDP2024_ANNEX_C2,"Annex C2, Detailed Nodes, Excel row 669","TYNDP infrastructure-level planning capacity, not observed operational availability.",E0270,backbone,True,True
671,ROh2,HUh2,Romania,Hungary,2030,0.0,100.0,TYNDP2024_ANNEX_C2,"Annex C2, Detailed Nodes, Excel row 671","TYNDP infrastructure-level planning capacity, not observed operational availability.",E0271,backbone,True,True
672,ROh2,HUh2,Romania,Hungary,2040,0.0,100.0,TYNDP2024_ANNEX_C2,"Annex C2, Detailed Nodes, Excel row 672","TYNDP infrastructure-level planning capacity, not observed operational availability.",E0272,backbone,True,True
674,ROh2,MDh2,Romania,Moldavia,2030,0.0,0.0,TYNDP2024_ANNEX_C2,"Annex C2, Detailed Nodes, Excel row 674","TYNDP infrastructure-level planning capacity, not observed operational availability.",E0273,backbone,True,True
675,ROh2,MDh2,Romania,Moldavia,2040,0.0,0.0,TYNDP2024_ANNEX_C2,"Annex C2, Detailed Nodes, Excel row 675","TYNDP infrastructure-level planning capacity, not observed operational availability.",E0274,backbone,True,True
680,ROh2,RSh2,Romania,Serbia,2030,0.0,0.0,TYNDP2024_ANNEX_C2,"Annex C2, Detailed Nodes, Excel row 680","TYNDP infrastructure-level planning capacity, not observed operational availability.",E0275,backbone,True,True
681,ROh2,RSh2,Romania,Serbia,2040,0.0,0.0,TYNDP2024_ANNEX_C2,"Annex C2, Detailed Nodes, Excel row 681","TYNDP infrastructure-level planning capacity, not observed operational availability.",E0276,backbone,True,True
683,ROh2,UAh2,Romania,Ukraine,2030,0.0,0.0,TYNDP2024_ANNEX_C2,"Annex C2, Detailed Nodes, Excel row 683","TYNDP infrastructure-level planning capacity, not observed operational availability.",E0277,backbone,True,True
684,ROh2,UAh2,Romania,Ukraine,2040,0.0,0.0,TYNDP2024_ANNEX_C2,"Annex C2, Detailed Nodes, Excel row 684","TYNDP infrastructure-level planning capacity, not observed operational availability.",E0278,backbone,True,True
686,RSh2,HRh2,Serbia,Croatia,2030,0.0,0.0,TYNDP2024_ANNEX_C2,"Annex C2, Detailed Nodes, Excel row 686","TYNDP infrastructure-level planning capacity, not observed operational availability.",E0279,backbone,True,True
687,RSh2,HRh2,Serbia,Croatia,2040,0.0,0.0,TYNDP2024_ANNEX_C2,"Annex C2, Detailed Nodes, Excel row 687","TYNDP infrastructure-level planning capacity, not observed operational availability.",E0280,backbone,True,True
689,RSh2,HUh2,Serbia,Hungary,2030,0.0,0.0,TYNDP2024_ANNEX_C2,"Annex C2, Detailed Nodes, Excel row 689","TYNDP infrastructure-level planning capacity, not observed operational availability.",E0281,backbone,True,True
690,RSh2,HUh2,Serbia,Hungary,2040,0.0,0.0,TYNDP2024_ANNEX_C2,"Annex C2, Detailed Nodes, Excel row 690","TYNDP infrastructure-level planning capacity, not observed operational availability.",E0282,backbone,True,True
692,RSh2,ROh2,Serbia,Romania,2030,0.0,0.0,TYNDP2024_ANNEX_C2,"Annex C2, Detailed Nodes, Excel row 692","TYNDP infrastructure-level planning capacity, not observed operational availability.",E0283,backbone,True,True
693,RSh2,ROh2,Serbia,Romania,2040,0.0,0.0,TYNDP2024_ANNEX_C2,"Annex C2, Detailed Nodes, Excel row 693","TYNDP infrastructure-level planning capacity, not observed operational availability.",E0284,backbone,True,True
695,IB-SKh2W,ATh2,Slovakia,Austria,2030,0.0,144.0,TYNDP2024_ANNEX_C2,"Annex C2, Detailed Nodes, Excel row 695","TYNDP infrastructure-level planning capacity, not observed operational availability.",E0285,backbone,True,True
696,IB-SKh2W,ATh2,Slovakia,Austria,2040,144.0,144.0,TYNDP2024_ANNEX_C2,"Annex C2, Detailed Nodes, Excel row 696","TYNDP infrastructure-level planning capacity, not observed operational availability.",E0286,backbone,True,True
698,IB-SKh2W,CZh2,Slovakia,Czechia,2030,0.0,144.0,TYNDP2024_ANNEX_C2,"Annex C2, Detailed Nodes, Excel row 698","TYNDP infrastructure-level planning capacity, not observed operational availability.",E0287,backbone,True,True
699,IB-SKh2W,CZh2,Slovakia,Czechia,2040,144.0,144.0,TYNDP2024_ANNEX_C2,"Annex C2, Detailed Nodes, Excel row 699","TYNDP infrastructure-level planning capacity, not observed operational availability.",E0288,backbone,True,True
701,IB-SKh2C,HUh2,Slovakia,Hungary,2030,0.0,100.0,TYNDP2024_ANNEX_C2,"Annex C2, Detailed Nodes, Excel row 701","TYNDP infrastructure-level planning capacity, not observed operational availability.",E0289,backbone,True,True
702,IB-SKh2C,HUh2,Slovakia,Hungary,2040,0.0,100.0,TYNDP2024_ANNEX_C2,"Annex C2, Detailed Nodes, Excel row 702","TYNDP infrastructure-level planning capacity, not observed operational availability.",E0290,backbone,True,True
704,IB-SKh2E,PLh2S,Slovakia,Poland,2030,0.0,0.0,TYNDP2024_ANNEX_C2,"Annex C2, Detailed Nodes, Excel row 704","TYNDP infrastructure-level planning capacity, not observed operational availability.",E0291,backbone,True,True
705,IB-SKh2E,PLh2S,Slovakia,Poland,2040,0.0,0.0,TYNDP2024_ANNEX_C2,"Annex C2, Detailed Nodes, Excel row 705","TYNDP infrastructure-level planning capacity, not observed operational availability.",E0292,backbone,True,True
707,IB-SKh2C,SKh2E,Slovakia,Slovakia,2030,0.0,144.0,TYNDP2024_ANNEX_C2,"Annex C2, Detailed Nodes, Excel row 707","TYNDP infrastructure-level planning capacity, not observed operational availability.",E0293,backbone,True,True
708,IB-SKh2C,SKh2E,Slovakia,Slovakia,2040,144.0,288.0,TYNDP2024_ANNEX_C2,"Annex C2, Detailed Nodes, Excel row 708","TYNDP infrastructure-level planning capacity, not observed operational availability.",E0294,backbone,True,True
710,IB-SKh2C,SKh2W,Slovakia,Slovakia,2030,0.0,144.0,TYNDP2024_ANNEX_C2,"Annex C2, Detailed Nodes, Excel row 710","TYNDP infrastructure-level planning capacity, not observed operational availability.",E0295,backbone,True,True
711,IB-SKh2C,SKh2W,Slovakia,Slovakia,2040,144.0,288.0,TYNDP2024_ANNEX_C2,"Annex C2, Detailed Nodes, Excel row 711","TYNDP infrastructure-level planning capacity, not observed operational availability.",E0296,backbone,True,True
713,IB-SKh2E,SKh2E,Slovakia,Slovakia,2030,0.0,144.0,TYNDP2024_ANNEX_C2,"Annex C2, Detailed Nodes, Excel row 713","TYNDP infrastructure-level planning capacity, not observed operational availability.",E0297,backbone,True,True
714,IB-SKh2E,SKh2E,Slovakia,Slovakia,2040,144.0,288.0,TYNDP2024_ANNEX_C2,"Annex C2, Detailed Nodes, Excel row 714","TYNDP infrastructure-level planning capacity, not observed operational availability.",E0298,backbone,True,True
716,IB-SKh2W,SKh2W,Slovakia,Slovakia,2030,0.0,144.0,TYNDP2024_ANNEX_C2,"Annex C2, Detailed Nodes, Excel row 716","TYNDP infrastructure-level planning capacity, not observed operational availability.",E0299,backbone,True,True
717,IB-SKh2W,SKh2W,Slovakia,Slovakia,2040,144.0,288.0,TYNDP2024_ANNEX_C2,"Annex C2, Detailed Nodes, Excel row 717","TYNDP infrastructure-level planning capacity, not observed operational availability.",E0300,backbone,True,True
737,SKh2E,IB-SKh2C,Slovakia,Slovakia,2030,0.0,144.0,TYNDP2024_ANNEX_C2,"Annex C2, Detailed Nodes, Excel row 737","TYNDP infrastructure-level planning capacity, not observed operational availability.",E0301,backbone,True,True
738,SKh2E,IB-SKh2C,Slovakia,Slovakia,2040,144.0,288.0,TYNDP2024_ANNEX_C2,"Annex C2, Detailed Nodes, Excel row 738","TYNDP infrastructure-level planning capacity, not observed operational availability.",E0302,backbone,True,True
740,SKh2E,IB-SKh2E,Slovakia,Slovakia,2030,0.0,144.0,TYNDP2024_ANNEX_C2,"Annex C2, Detailed Nodes, Excel row 740","TYNDP infrastructure-level planning capacity, not observed operational availability.",E0303,backbone,True,True
741,SKh2E,IB-SKh2E,Slovakia,Slovakia,2040,144.0,288.0,TYNDP2024_ANNEX_C2,"Annex C2, Detailed Nodes, Excel row 741","TYNDP infrastructure-level planning capacity, not observed operational availability.",E0304,backbone,True,True
746,SKh2W,IB-SKh2C,Slovakia,Slovakia,2030,0.0,144.0,TYNDP2024_ANNEX_C2,"Annex C2, Detailed Nodes, Excel row 746","TYNDP infrastructure-level planning capacity, not observed operational availability.",E0305,backbone,True,True
747,SKh2W,IB-SKh2C,Slovakia,Slovakia,2040,144.0,288.0,TYNDP2024_ANNEX_C2,"Annex C2, Detailed Nodes, Excel row 747","TYNDP infrastructure-level planning capacity, not observed operational availability.",E0306,backbone,True,True
749,SKh2W,IB-SKh2W,Slovakia,Slovakia,2030,0.0,144.0,TYNDP2024_ANNEX_C2,"Annex C2, Detailed Nodes, Excel row 749","TYNDP infrastructure-level planning capacity, not observed operational availability.",E0307,backbone,True,True
750,SKh2W,IB-SKh2W,Slovakia,Slovakia,2040,144.0,288.0,TYNDP2024_ANNEX_C2,"Annex C2, Detailed Nodes, Excel row 750","TYNDP infrastructure-level planning capacity, not observed operational availability.",E0308,backbone,True,True
755,IB-SKh2E,UAh2,Slovakia,Ukraine,2030,0.0,0.0,TYNDP2024_ANNEX_C2,"Annex C2, Detailed Nodes, Excel row 755","TYNDP infrastructure-level planning capacity, not observed operational availability.",E0309,backbone,True,True
756,IB-SKh2E,UAh2,Slovakia,Ukraine,2040,0.0,0.0,TYNDP2024_ANNEX_C2,"Annex C2, Detailed Nodes, Excel row 756","TYNDP infrastructure-level planning capacity, not observed operational availability.",E0310,backbone,True,True
758,SIh2,ATh2,Slovenia,Austria,2030,0.0,0.0,TYNDP2024_ANNEX_C2,"Annex C2, Detailed Nodes, Excel row 758","TYNDP infrastructure-level planning capacity, not observed operational availability.",E0311,backbone,True,True
759,SIh2,ATh2,Slovenia,Austria,2040,0.0,0.0,TYNDP2024_ANNEX_C2,"Annex C2, Detailed Nodes, Excel row 759","TYNDP infrastructure-level planning capacity, not observed operational availability.",E0312,backbone,True,True
761,SIh2,HRh2,Slovenia,Croatia,2030,0.0,0.0,TYNDP2024_ANNEX_C2,"Annex C2, Detailed Nodes, Excel row 761","TYNDP infrastructure-level planning capacity, not observed operational availability.",E0313,backbone,True,True
762,SIh2,HRh2,Slovenia,Croatia,2040,0.0,0.0,TYNDP2024_ANNEX_C2,"Annex C2, Detailed Nodes, Excel row 762","TYNDP infrastructure-level planning capacity, not observed operational availability.",E0314,backbone,True,True
764,SIh2,HUh2,Slovenia,Hungary,2030,0.0,0.0,TYNDP2024_ANNEX_C2,"Annex C2, Detailed Nodes, Excel row 764","TYNDP infrastructure-level planning capacity, not observed operational availability.",E0315,backbone,True,True
765,SIh2,HUh2,Slovenia,Hungary,2040,0.0,0.0,TYNDP2024_ANNEX_C2,"Annex C2, Detailed Nodes, Excel row 765","TYNDP infrastructure-level planning capacity, not observed operational availability.",E0316,backbone,True,True
767,SIh2,ITh2,Slovenia,Italy,2030,0.0,0.0,TYNDP2024_ANNEX_C2,"Annex C2, Detailed Nodes, Excel row 767","TYNDP infrastructure-level planning capacity, not observed operational availability.",E0317,backbone,True,True
768,SIh2,ITh2,Slovenia,Italy,2040,0.0,0.0,TYNDP2024_ANNEX_C2,"Annex C2, Detailed Nodes, Excel row 768","TYNDP infrastructure-level planning capacity, not observed operational availability.",E0318,backbone,True,True
776,ESh2,FRh2S,Spain,France,2030,216.0,216.0,TYNDP2024_ANNEX_C2,"Annex C2, Detailed Nodes, Excel row 776","TYNDP infrastructure-level planning capacity, not observed operational availability.",E0319,backbone,True,True
777,ESh2,FRh2S,Spain,France,2040,216.0,216.0,TYNDP2024_ANNEX_C2,"Annex C2, Detailed Nodes, Excel row 777","TYNDP infrastructure-level planning capacity, not observed operational availability.",E0320,backbone,True,True
779,ESh2,FRh2SW,Spain,France,2030,0.0,0.0,TYNDP2024_ANNEX_C2,"Annex C2, Detailed Nodes, Excel row 779","TYNDP infrastructure-level planning capacity, not observed operational availability.",E0321,backbone,True,True
780,ESh2,FRh2SW,Spain,France,2040,0.0,0.0,TYNDP2024_ANNEX_C2,"Annex C2, Detailed Nodes, Excel row 780","TYNDP infrastructure-level planning capacity, not observed operational availability.",E0322,backbone,True,True
782,ESh2,ITh2,Spain,Italy,2030,0.0,0.0,TYNDP2024_ANNEX_C2,"Annex C2, Detailed Nodes, Excel row 782","TYNDP infrastructure-level planning capacity, not observed operational availability.",E0323,backbone,True,True
783,ESh2,ITh2,Spain,Italy,2040,0.0,0.0,TYNDP2024_ANNEX_C2,"Annex C2, Detailed Nodes, Excel row 783","TYNDP infrastructure-level planning capacity, not observed operational availability.",E0324,backbone,True,True
785,ESh2,PTh2,Spain,Portugal,2030,81.0,81.0,TYNDP2024_ANNEX_C2,"Annex C2, Detailed Nodes, Excel row 785","TYNDP infrastructure-level planning capacity, not observed operational availability.",E0325,backbone,True,True
786,ESh2,PTh2,Spain,Portugal,2040,81.0,81.0,TYNDP2024_ANNEX_C2,"Annex C2, Detailed Nodes, Excel row 786","TYNDP infrastructure-level planning capacity, not observed operational availability.",E0326,backbone,True,True
800,SEh2,FIh2Al,Sweden,Finland,2030,504.0,504.0,TYNDP2024_ANNEX_C2,"Annex C2, Detailed Nodes, Excel row 800","TYNDP infrastructure-level planning capacity, not observed operational availability.",E0327,backbone,True,True
801,SEh2,FIh2Al,Sweden,Finland,2040,504.0,504.0,TYNDP2024_ANNEX_C2,"Annex C2, Detailed Nodes, Excel row 801","TYNDP infrastructure-level planning capacity, not observed operational availability.",E0328,backbone,True,True
803,SEh2,FIh2N,Sweden,Finland,2030,162.0,162.0,TYNDP2024_ANNEX_C2,"Annex C2, Detailed Nodes, Excel row 803","TYNDP infrastructure-level planning capacity, not observed operational availability.",E0329,backbone,True,True
804,SEh2,FIh2N,Sweden,Finland,2040,162.0,162.0,TYNDP2024_ANNEX_C2,"Annex C2, Detailed Nodes, Excel row 804","TYNDP infrastructure-level planning capacity, not observed operational availability.",E0330,backbone,True,True
809,CHh2,FRh2,Switzerland,France,2030,0.0,0.0,TYNDP2024_ANNEX_C2,"Annex C2, Detailed Nodes, Excel row 809","TYNDP infrastructure-level planning capacity, not observed operational availability.",E0331,backbone,True,True
810,CHh2,FRh2,Switzerland,France,2040,0.0,0.0,TYNDP2024_ANNEX_C2,"Annex C2, Detailed Nodes, Excel row 810","TYNDP infrastructure-level planning capacity, not observed operational availability.",E0332,backbone,True,True
812,CHh2,DEh2,Switzerland,Germany,2030,0.0,0.0,TYNDP2024_ANNEX_C2,"Annex C2, Detailed Nodes, Excel row 812","TYNDP infrastructure-level planning capacity, not observed operational availability.",E0333,backbone,True,True
813,CHh2,DEh2,Switzerland,Germany,2040,0.0,0.0,TYNDP2024_ANNEX_C2,"Annex C2, Detailed Nodes, Excel row 813","TYNDP infrastructure-level planning capacity, not observed operational availability.",E0334,backbone,True,True
815,CHh2,IB-ITh2,Switzerland,Italy,2030,0.0,0.0,TYNDP2024_ANNEX_C2,"Annex C2, Detailed Nodes, Excel row 815","TYNDP infrastructure-level planning capacity, not observed operational availability.",E0335,backbone,True,True
816,CHh2,IB-ITh2,Switzerland,Italy,2040,0.0,0.0,TYNDP2024_ANNEX_C2,"Annex C2, Detailed Nodes, Excel row 816","TYNDP infrastructure-level planning capacity, not observed operational availability.",E0336,backbone,True,True
818,TRh2,GRh2,Turkey,Greece,2030,0.0,0.0,TYNDP2024_ANNEX_C2,"Annex C2, Detailed Nodes, Excel row 818","TYNDP infrastructure-level planning capacity, not observed operational availability.",E0337,backbone,True,True
819,TRh2,GRh2,Turkey,Greece,2040,0.0,0.0,TYNDP2024_ANNEX_C2,"Annex C2, Detailed Nodes, Excel row 819","TYNDP infrastructure-level planning capacity, not observed operational availability.",E0338,backbone,True,True
821,UAh2,HUh2,Ukraine,Hungary,2030,0.0,0.0,TYNDP2024_ANNEX_C2,"Annex C2, Detailed Nodes, Excel row 821","TYNDP infrastructure-level planning capacity, not observed operational availability.",E0339,backbone,True,True
822,UAh2,HUh2,Ukraine,Hungary,2040,0.0,0.0,TYNDP2024_ANNEX_C2,"Annex C2, Detailed Nodes, Excel row 822","TYNDP infrastructure-level planning capacity, not observed operational availability.",E0340,backbone,True,True
824,UAh2,PLh2S,Ukraine,Poland,2030,0.0,0.0,TYNDP2024_ANNEX_C2,"Annex C2, Detailed Nodes, Excel row 824","TYNDP infrastructure-level planning capacity, not observed operational availability.",E0341,backbone,True,True
825,UAh2,PLh2S,Ukraine,Poland,2040,0.0,0.0,TYNDP2024_ANNEX_C2,"Annex C2, Detailed Nodes, Excel row 825","TYNDP infrastructure-level planning capacity, not observed operational availability.",E0342,backbone,True,True
827,UAh2,ROh2,Ukraine,Romania,2030,0.0,0.0,TYNDP2024_ANNEX_C2,"Annex C2, Detailed Nodes, Excel row 827","TYNDP infrastructure-level planning capacity, not observed operational availability.",E0343,backbone,True,True
828,UAh2,ROh2,Ukraine,Romania,2040,0.0,0.0,TYNDP2024_ANNEX_C2,"Annex C2, Detailed Nodes, Excel row 828","TYNDP infrastructure-level planning capacity, not observed operational availability.",E0344,backbone,True,True
830,UAh2,IB-SKh2E,Ukraine,Slovakia,2030,0.0,0.0,TYNDP2024_ANNEX_C2,"Annex C2, Detailed Nodes, Excel row 830","TYNDP infrastructure-level planning capacity, not observed operational availability.",E0345,backbone,True,True
831,UAh2,IB-SKh2E,Ukraine,Slovakia,2040,144.0,144.0,TYNDP2024_ANNEX_C2,"Annex C2, Detailed Nodes, Excel row 831","TYNDP infrastructure-level planning capacity, not observed operational availability.",E0346,backbone,True,True
833,UKh2/INT,BEh2,United Kingdom,Belgium,2030,0.0,0.0,TYNDP2024_ANNEX_C2,"Annex C2, Detailed Nodes, Excel row 833","TYNDP infrastructure-level planning capacity, not observed operational availability.",E0347,backbone,True,True
834,UKh2/INT,BEh2,United Kingdom,Belgium,2040,0.0,0.0,TYNDP2024_ANNEX_C2,"Annex C2, Detailed Nodes, Excel row 834","TYNDP infrastructure-level planning capacity, not observed operational availability.",E0348,backbone,True,True
836,UKh2,IEh2,United Kingdom,Ireland,2030,0.0,0.0,TYNDP2024_ANNEX_C2,"Annex C2, Detailed Nodes, Excel row 836","TYNDP infrastructure-level planning capacity, not observed operational availability.",E0349,backbone,True,True
837,UKh2,IEh2,United Kingdom,Ireland,2040,0.0,0.0,TYNDP2024_ANNEX_C2,"Annex C2, Detailed Nodes, Excel row 837","TYNDP infrastructure-level planning capacity, not observed operational availability.",E0350,backbone,True,True
839,UKh2,NLh2,United Kingdom,Netherlands,2030,0.0,0.0,TYNDP2024_ANNEX_C2,"Annex C2, Detailed Nodes, Excel row 839","TYNDP infrastructure-level planning capacity, not observed operational availability.",E0351,backbone,True,True
840,UKh2,NLh2,United Kingdom,Netherlands,2040,0.0,0.0,TYNDP2024_ANNEX_C2,"Annex C2, Detailed Nodes, Excel row 840","TYNDP infrastructure-level planning capacity, not observed operational availability.",E0352,backbone,True,True
845,UKh2,UKh2/INT,United Kingdom,United Kingdom,2030,0.0,0.0,TYNDP2024_ANNEX_C2,"Annex C2, Detailed Nodes, Excel row 845","TYNDP infrastructure-level planning capacity, not observed operational availability.",E0353,backbone,True,True
846,UKh2,UKh2/INT,United Kingdom,United Kingdom,2040,0.0,0.0,TYNDP2024_ANNEX_C2,"Annex C2, Detailed Nodes, Excel row 846","TYNDP infrastructure-level planning capacity, not observed operational availability.",E0354,backbone,True,True
848,UKh2/INT,UKh2,United Kingdom,United Kingdom,2030,0.0,0.0,TYNDP2024_ANNEX_C2,"Annex C2, Detailed Nodes, Excel row 848","TYNDP infrastructure-level planning capacity, not observed operational availability.",E0355,backbone,True,True
849,UKh2/INT,UKh2,United Kingdom,United Kingdom,2040,0.0,0.0,TYNDP2024_ANNEX_C2,"Annex C2, Detailed Nodes, Excel row 849","TYNDP infrastructure-level planning capacity, not observed operational availability.",E0356,backbone,True,True
