port,legacy_record_ids,source_id,status,evidence_statement,observed_h2_conversion_capacity_gwh_per_day,missing_means,model_mapping
Rotterdam,P01;P02;P03;P04;P05;P27;P28;P33,RotterdamNetwork2026,completed local pipeline; import conversion capacity unverified,32 km Maasvlakte 2–Pernis hydrogen pipeline completed; May 2026 ceremony. This does not establish firm terminal cracking throughput or a complete route to Germany.,,"unknown, not zero",No named port-to-C2-node crosswalk asserted
Amsterdam,P06;P07;P08;P09;P10;P34,AmsterdamLOHC2026,development MoU; search excerpt only,Search excerpt reports an 18 June 2026 Evos/North Atlantic LOHC import MoU. Full-page retrieval failed; this update is provisional and is not a numerical model input. No firm conversion capacity established.,,"unknown, not zero",No named port-to-C2-node crosswalk asserted
Antwerp-Bruges,P17;P18;P19;P20;P21;P22;P24;P25;P26,AntwerpTerminal2026,project development,Fluxys/Advario joint development of a new ammonia terminal; project update 8 June 2026. No observed operating hydrogen throughput established.,,"unknown, not zero",No named port-to-C2-node crosswalk asserted
Hamburg,P11;P12;P13;P14;P15;P16,HamburgPermit2026,"permitted, FID conditional; cracker separate",15 April 2026 permit; construction subject to final investment decision. Planned 600000 tonnes NH3/year; cracker is a separate future development. Supersedes earlier unverified FID/construction status.,,"unknown, not zero",No named port-to-C2-node crosswalk asserted
Wilhelmshaven,P30,Uniper2025,planned commercial scaleup; annual report verified,"Annual Report 2025, PDF pages 42 and 140, independently read using the web PDF viewer: the 28 tonnes NH3/day demonstration is in Gelsenkirchen-Scholven, not the Wilhelmshaven commercial import terminal. Planned demonstration commissioning at end-2026; it is a basis for future commercial scaleup.",,"unknown, not zero",No named port-to-C2-node crosswalk asserted
Dunkerque,P29,DunkerquePress2026,planning record; current operating capacity unverified,TYNDP 2024 H2L-N-820 records 48 GWh H2/day for 2034. Current port project information requires a named-project reconciliation before updating that capacity.,,"unknown, not zero",No named port-to-C2-node crosswalk asserted
Bordeaux,P32,BordeauxStrategy2026,planning record; current operating capacity unverified,"TYNDP 2024 H2L-N-741 records 15 GWh H2/day for 2029. Port strategy is context, not confirmation of firm import or cracking throughput.",,"unknown, not zero",No named port-to-C2-node crosswalk asserted
Gdansk,P23,TYNDP2024_ANNEX_A,planning record; current operating capacity unverified,"H2L-A-1041: 17.7 GWh H2/day, 2029, Advanced. A project submission is not commissioning evidence.",,"unknown, not zero",No named port-to-C2-node crosswalk asserted
Trieste,,TYNDP2024_ANNEX_A,planning record; named port crosswalk unverified,"H2L-N-1314: North Adriatic H2 Terminal, 27.5 GWh H2/day, 2030. Anonymous Italian C2 terminal cannot be treated as a verified Trieste delivery route.",,"unknown, not zero",No named port-to-C2-node crosswalk asserted
